"FREQUENCY","LOCATION","MEAS","OBS_STATUS","ObsValue","TIME_FORMAT","Time"
"A","AUS","PCT",,"53.799999","P1Y","1960"
"A","AUS","PCT",,"53.200001","P1Y","1961"
"A","AUS","PCT",,"51.400002","P1Y","1962"
"A","AUS","PCT",,"49.700001","P1Y","1963"
"A","AUS","PCT",,"48.200001","P1Y","1964"
"A","AUS","PCT",,"47.900002","P1Y","1965"
"A","AUS","PCT",,"45.799999","P1Y","1966"
"A","AUS","PCT",,"45","P1Y","1967"
"A","AUS","PCT",,"44.799999","P1Y","1968"
"A","AUS","PCT",,"44.400002","P1Y","1969"
"A","AUS","PCT",,"44.200001","P1Y","1970"
"A","AUS","PCT",,"45.400002","P1Y","1971"
"A","AUS","PCT",,"46.299999","P1Y","1972"
"A","AUS","PCT",,"47.200001","P1Y","1973"
"A","AUS","PCT",,"48.799999","P1Y","1974"
"A","AUS","PCT",,"50.099998","P1Y","1975"
"A","AUS","PCT",,"49.5","P1Y","1976"
"A","AUS","PCT",,"48.700001","P1Y","1977"
"A","AUS","PCT",,"49.200001","P1Y","1978"
"A","AUS","PCT",,"49.599998","P1Y","1979"
"A","AUS","PCT",,"49.599998","P1Y","1980"
"A","AUS","PCT",,"49.099998","P1Y","1981"
"A","AUS","PCT",,"49.400002","P1Y","1982"
"A","AUS","PCT",,"47.299999","P1Y","1983"
"A","AUS","PCT",,"46.299999","P1Y","1984"
"A","AUS","PCT",,"46.099998","P1Y","1985"
"A","AUS","PCT",,"45.400002","P1Y","1986"
"A","AUS","PCT",,"44.400002","P1Y","1987"
"A","AUS","PCT",,"42.799999","P1Y","1988"
"A","AUS","PCT",,"41.400002","P1Y","1989"
"A","AUS","PCT",,"41.299999","P1Y","1990"
"A","AUS","PCT",,"42","P1Y","1991"
"A","AUS","PCT",,"39.200001","P1Y","1992"
"A","AUS","PCT",,"37.700001","P1Y","1993"
"A","AUS","PCT",,"33.799999","P1Y","1994"
"A","AUS","PCT",,"32.900002","P1Y","1995"
"A","AUS","PCT",,"31.200001","P1Y","1996"
"A","AUS","PCT",,"30.299999","P1Y","1997"
"A","AUS","PCT",,"28.1","P1Y","1998"
"A","AUS","PCT",,"26","P1Y","1999"
"A","AUS","PCT",,"24.9","P1Y","2000"
"A","AUS","PCT",,"24.6","P1Y","2001"
"A","AUS","PCT",,"23.200001","P1Y","2002"
"A","AUS","PCT",,"23.200001","P1Y","2003"
"A","AUS","PCT",,"22.799999","P1Y","2004"
"A","AUS","PCT",,"22.5","P1Y","2005"
"A","AUS","PCT",,"20.4","P1Y","2006"
"A","AUS","PCT",,"18.799999","P1Y","2007"
"A","AUS","PCT",,"18.799999","P1Y","2008"
"A","AUS","PCT",,"19.6","P1Y","2009"
"A","AUS","PCT",,"18.4","P1Y","2010"
"A","AUS","PCT",,"18.4","P1Y","2011"
"A","AUS","PCT",,"18.200001","P1Y","2012"
"A","AUS","PCT",,"17","P1Y","2013"
"A","AUS","PCT",,"15.1","P1Y","2014"
"A","AUS","PCT",,"14.6","P1Y","2016"
"A","AUS","PCT",,"13.7","P1Y","2018"
"A","AUT","PCT",,"60.099998","P1Y","1960"
"A","AUT","PCT",,"59.599998","P1Y","1961"
"A","AUT","PCT",,"59","P1Y","1962"
"A","AUT","PCT",,"59.299999","P1Y","1963"
"A","AUT","PCT",,"59","P1Y","1964"
"A","AUT","PCT",,"58.599998","P1Y","1965"
"A","AUT","PCT",,"58.299999","P1Y","1966"
"A","AUT","PCT",,"57.700001","P1Y","1967"
"A","AUT","PCT",,"58","P1Y","1968"
"A","AUT","PCT",,"57.5","P1Y","1969"
"A","AUT","PCT",,"56.700001","P1Y","1970"
"A","AUT","PCT",,"55.299999","P1Y","1971"
"A","AUT","PCT",,"54.299999","P1Y","1972"
"A","AUT","PCT",,"52.799999","P1Y","1973"
"A","AUT","PCT",,"52.400002","P1Y","1974"
"A","AUT","PCT",,"52.599998","P1Y","1975"
"A","AUT","PCT",,"52.400002","P1Y","1976"
"A","AUT","PCT",,"51.700001","P1Y","1977"
"A","AUT","PCT",,"51.5","P1Y","1978"
"A","AUT","PCT",,"51.5","P1Y","1979"
"A","AUT","PCT",,"51.700001","P1Y","1980"
"A","AUT","PCT",,"51.900002","P1Y","1981"
"A","AUT","PCT",,"52.099998","P1Y","1982"
"A","AUT","PCT",,"52","P1Y","1983"
"A","AUT","PCT",,"52","P1Y","1984"
"A","AUT","PCT",,"51.299999","P1Y","1985"
"A","AUT","PCT",,"50.900002","P1Y","1986"
"A","AUT","PCT",,"50.099998","P1Y","1987"
"A","AUT","PCT",,"49.099998","P1Y","1988"
"A","AUT","PCT",,"48","P1Y","1989"
"A","AUT","PCT",,"46.799999","P1Y","1990"
"A","AUT","PCT",,"45.5","P1Y","1991"
"A","AUT","PCT",,"44.5","P1Y","1992"
"A","AUT","PCT",,"44","P1Y","1993"
"A","AUT","PCT",,"41.5","P1Y","1994"
"A","AUT","PCT",,"41.099998","P1Y","1995"
"A","AUT","PCT",,"40.099998","P1Y","1996"
"A","AUT","PCT",,"38.900002","P1Y","1997"
"A","AUT","PCT",,"38.400002","P1Y","1998"
"A","AUT","PCT",,"37.900002","P1Y","1999"
"A","AUT","PCT",,"36.900002","P1Y","2000"
"A","AUT","PCT",,"36.200001","P1Y","2001"
"A","AUT","PCT",,"36","P1Y","2002"
"A","AUT","PCT",,"34.599998","P1Y","2003"
"A","AUT","PCT",,"34.799999","P1Y","2004"
"A","AUT","PCT",,"33.799999","P1Y","2005"
"A","AUT","PCT",,"31.6","P1Y","2006"
"A","AUT","PCT",,"30.4","P1Y","2007"
"A","AUT","PCT",,"29.6","P1Y","2008"
"A","AUT","PCT",,"29.299999","P1Y","2009"
"A","AUT","PCT",,"28.9","P1Y","2010"
"A","AUT","PCT",,"28.299999","P1Y","2011"
"A","AUT","PCT",,"28","P1Y","2012"
"A","AUT","PCT",,"27.799999","P1Y","2013"
"A","AUT","PCT",,"27.700001","P1Y","2014"
"A","AUT","PCT",,"27.4","P1Y","2015"
"A","AUT","PCT",,"26.9","P1Y","2016"
"A","AUT","PCT",,"26.700001","P1Y","2017"
"A","AUT","PCT",,"26.299999","P1Y","2018"
"A","AUT","PCT",,"26.299999","P1Y","2019"
"A","BEL","PCT",,"41.5","P1Y","1960"
"A","BEL","PCT",,"40.400002","P1Y","1961"
"A","BEL","PCT",,"38.900002","P1Y","1962"
"A","BEL","PCT",,"39.799999","P1Y","1963"
"A","BEL","PCT",,"39.400002","P1Y","1964"
"A","BEL","PCT",,"39.900002","P1Y","1965"
"A","BEL","PCT",,"40.299999","P1Y","1966"
"A","BEL","PCT",,"41.200001","P1Y","1967"
"A","BEL","PCT",,"42","P1Y","1968"
"A","BEL","PCT",,"42","P1Y","1969"
"A","BEL","PCT",,"42.099998","P1Y","1970"
"A","BEL","PCT",,"43.900002","P1Y","1971"
"A","BEL","PCT",,"46.799999","P1Y","1972"
"A","BEL","PCT",,"48","P1Y","1973"
"A","BEL","PCT",,"49.099998","P1Y","1974"
"A","BEL","PCT",,"51.799999","P1Y","1975"
"A","BEL","PCT",,"53.400002","P1Y","1976"
"A","BEL","PCT",,"54.299999","P1Y","1977"
"A","BEL","PCT",,"53.400002","P1Y","1978"
"A","BEL","PCT",,"50.200001","P1Y","1979"
"A","BEL","PCT",,"53.400002","P1Y","1980"
"A","BEL","PCT",,"53.099998","P1Y","1981"
"A","BEL","PCT",,"51.900002","P1Y","1982"
"A","BEL","PCT",,"52.400002","P1Y","1983"
"A","BEL","PCT",,"51.700001","P1Y","1984"
"A","BEL","PCT",,"50.700001","P1Y","1985"
"A","BEL","PCT",,"49.400002","P1Y","1986"
"A","BEL","PCT",,"49","P1Y","1987"
"A","BEL","PCT",,"48.299999","P1Y","1988"
"A","BEL","PCT",,"49","P1Y","1989"
"A","BEL","PCT",,"50.599998","P1Y","1990"
"A","BEL","PCT",,"51.700001","P1Y","1991"
"A","BEL","PCT",,"51","P1Y","1992"
"A","BEL","PCT",,"52.599998","P1Y","1993"
"A","BEL","PCT",,"53.400002","P1Y","1994"
"A","BEL","PCT",,"55.700001","P1Y","1995"
"A","BEL","PCT",,"55.900002","P1Y","1996"
"A","BEL","PCT",,"56.200001","P1Y","1997"
"A","BEL","PCT",,"56.5","P1Y","1998"
"A","BEL","PCT",,"56.200001","P1Y","1999"
"A","BEL","PCT",,"56.599998","P1Y","2000"
"A","BEL","PCT",,"57.599998","P1Y","2001"
"A","BEL","PCT",,"56.900002","P1Y","2002"
"A","BEL","PCT",,"55.400002","P1Y","2003"
"A","BEL","PCT",,"55.299999","P1Y","2004"
"A","BEL","PCT",,"54.900002","P1Y","2005"
"A","BEL","PCT",,"53.799999","P1Y","2006"
"A","BEL","PCT",,"53.599998","P1Y","2007"
"A","BEL","PCT",,"53.400002","P1Y","2008"
"A","BEL","PCT",,"53.799999","P1Y","2009"
"A","BEL","PCT",,"53","P1Y","2010"
"A","BEL","PCT",,"54.200001","P1Y","2011"
"A","BEL","PCT",,"54.099998","P1Y","2012"
"A","BEL","PCT",,"53.299999","P1Y","2013"
"A","BEL","PCT",,"52.900002","P1Y","2014"
"A","BEL","PCT",,"52.299999","P1Y","2015"
"A","BEL","PCT",,"51.599998","P1Y","2016"
"A","BEL","PCT",,"50.700001","P1Y","2017"
"A","BEL","PCT",,"50","P1Y","2018"
"A","BEL","PCT",,"49.099998","P1Y","2019"
"A","CAN","PCT",,"30.1","P1Y","1960"
"A","CAN","PCT",,"29.5","P1Y","1961"
"A","CAN","PCT",,"28","P1Y","1962"
"A","CAN","PCT",,"27.6","P1Y","1963"
"A","CAN","PCT",,"27.299999","P1Y","1964"
"A","CAN","PCT",,"27.6","P1Y","1965"
"A","CAN","PCT",,"28.5","P1Y","1966"
"A","CAN","PCT",,"30.5","P1Y","1967"
"A","CAN","PCT",,"31","P1Y","1968"
"A","CAN","PCT",,"30.9","P1Y","1969"
"A","CAN","PCT",,"31.799999","P1Y","1970"
"A","CAN","PCT",,"31.5","P1Y","1971"
"A","CAN","PCT",,"32.400002","P1Y","1972"
"A","CAN","PCT",,"33.599998","P1Y","1973"
"A","CAN","PCT",,"33.599998","P1Y","1974"
"A","CAN","PCT",,"34.799999","P1Y","1975"
"A","CAN","PCT",,"34.5","P1Y","1976"
"A","CAN","PCT",,"35.099998","P1Y","1977"
"A","CAN","PCT",,"35.5","P1Y","1978"
"A","CAN","PCT",,"34.599998","P1Y","1979"
"A","CAN","PCT",,"34","P1Y","1980"
"A","CAN","PCT",,"33.900002","P1Y","1981"
"A","CAN","PCT",,"36.799999","P1Y","1982"
"A","CAN","PCT",,"35.900002","P1Y","1983"
"A","CAN","PCT",,"35.900002","P1Y","1984"
"A","CAN","PCT",,"35.299999","P1Y","1985"
"A","CAN","PCT",,"34.5","P1Y","1986"
"A","CAN","PCT",,"33.900002","P1Y","1987"
"A","CAN","PCT",,"33.400002","P1Y","1988"
"A","CAN","PCT",,"33.5","P1Y","1989"
"A","CAN","PCT",,"33.599998","P1Y","1990"
"A","CAN","PCT",,"28.9","P1Y","1997"
"A","CAN","PCT",,"28.6","P1Y","1998"
"A","CAN","PCT",,"28","P1Y","1999"
"A","CAN","PCT",,"28.200001","P1Y","2000"
"A","CAN","PCT",,"28.4","P1Y","2001"
"A","CAN","PCT",,"28.299999","P1Y","2002"
"A","CAN","PCT",,"28.200001","P1Y","2003"
"A","CAN","PCT",,"27.799999","P1Y","2004"
"A","CAN","PCT",,"27.700001","P1Y","2005"
"A","CAN","PCT",,"27.4","P1Y","2006"
"A","CAN","PCT",,"27.299999","P1Y","2007"
"A","CAN","PCT",,"27","P1Y","2008"
"A","CAN","PCT",,"27.299999","P1Y","2009"
"A","CAN","PCT",,"27.200001","P1Y","2010"
"A","CAN","PCT",,"26.9","P1Y","2011"
"A","CAN","PCT",,"27.200001","P1Y","2012"
"A","CAN","PCT",,"27.1","P1Y","2013"
"A","CAN","PCT",,"26.4","P1Y","2014"
"A","CAN","PCT",,"26.5","P1Y","2015"
"A","CAN","PCT",,"26.299999","P1Y","2016"
"A","CAN","PCT",,"26.299999","P1Y","2017"
"A","CAN","PCT",,"25.9","P1Y","2018"
"A","CAN","PCT",,"26.1","P1Y","2019"
"A","CAN","PCT",,"27.200001","P1Y","2020"
"A","CZE","PCT",,"67.199997","P1Y","1993"
"A","CZE","PCT",,"53.200001","P1Y","1994"
"A","CZE","PCT",,"44.5","P1Y","1995"
"A","CZE","PCT",,"40.400002","P1Y","1996"
"A","CZE","PCT",,"37.599998","P1Y","1997"
"A","CZE","PCT",,"32.099998","P1Y","1998"
"A","CZE","PCT",,"30","P1Y","1999"
"A","CZE","PCT",,"27.200001","P1Y","2000"
"A","CZE","PCT",,"23.799999","P1Y","2001"
"A","CZE","PCT",,"22.4","P1Y","2002"
"A","CZE","PCT",,"22.299999","P1Y","2003"
"A","CZE","PCT",,"20.6","P1Y","2004"
"A","CZE","PCT",,"19.1","P1Y","2005"
"A","CZE","PCT",,"18.1","P1Y","2006"
"A","CZE","PCT",,"17.4","P1Y","2007"
"A","CZE","PCT",,"16.9","P1Y","2008"
"A","CZE","PCT",,"16.700001","P1Y","2009"
"A","CZE","PCT",,"16.1","P1Y","2010"
"A","CZE","PCT",,"15.4","P1Y","2011"
"A","CZE","PCT",,"14.8","P1Y","2012"
"A","CZE","PCT",,"13.6","P1Y","2013"
"A","CZE","PCT",,"12.9","P1Y","2014"
"A","CZE","PCT",,"11.9","P1Y","2015"
"A","CZE","PCT",,"11.9","P1Y","2016"
"A","CZE","PCT",,"11.7","P1Y","2017"
"A","CZE","PCT",,"11.4","P1Y","2018"
"A","DNK","PCT",,"59","P1Y","1960"
"A","DNK","PCT",,"59.200001","P1Y","1961"
"A","DNK","PCT",,"59.299999","P1Y","1962"
"A","DNK","PCT",,"59.599998","P1Y","1963"
"A","DNK","PCT",,"60","P1Y","1964"
"A","DNK","PCT",,"59.900002","P1Y","1965"
"A","DNK","PCT",,"58.799999","P1Y","1966"
"A","DNK","PCT",,"59","P1Y","1967"
"A","DNK","PCT",,"60.299999","P1Y","1968"
"A","DNK","PCT",,"61","P1Y","1969"
"A","DNK","PCT",,"60.799999","P1Y","1970"
"A","DNK","PCT",,"62.599998","P1Y","1971"
"A","DNK","PCT",,"62","P1Y","1972"
"A","DNK","PCT",,"62.5","P1Y","1973"
"A","DNK","PCT",,"64","P1Y","1974"
"A","DNK","PCT",,"68.300003","P1Y","1975"
"A","DNK","PCT",,"71.099998","P1Y","1976"
"A","DNK","PCT",,"72.099998","P1Y","1977"
"A","DNK","PCT",,"75.599998","P1Y","1978"
"A","DNK","PCT",,"76","P1Y","1979"
"A","DNK","PCT",,"77.199997","P1Y","1980"
"A","DNK","PCT",,"77.199997","P1Y","1981"
"A","DNK","PCT",,"76.699997","P1Y","1982"
"A","DNK","PCT",,"78.900002","P1Y","1983"
"A","DNK","PCT",,"78.099998","P1Y","1984"
"A","DNK","PCT",,"77.599998","P1Y","1985"
"A","DNK","PCT",,"77.5","P1Y","1986"
"A","DNK","PCT",,"75.800003","P1Y","1987"
"A","DNK","PCT",,"73.699997","P1Y","1988"
"A","DNK","PCT",,"74.300003","P1Y","1989"
"A","DNK","PCT",,"73.900002","P1Y","1990"
"A","DNK","PCT",,"74.400002","P1Y","1991"
"A","DNK","PCT",,"75","P1Y","1992"
"A","DNK","PCT",,"76","P1Y","1993"
"A","DNK","PCT",,"78.599998","P1Y","1994"
"A","DNK","PCT",,"77.400002","P1Y","1995"
"A","DNK","PCT",,"76.599998","P1Y","1996"
"A","DNK","PCT",,"75.199997","P1Y","1997"
"A","DNK","PCT",,"76.300003","P1Y","1998"
"A","DNK","PCT",,"74.599998","P1Y","1999"
"A","DNK","PCT",,"74.5","P1Y","2000"
"A","DNK","PCT",,"73.900002","P1Y","2001"
"A","DNK","PCT",,"73.599998","P1Y","2002"
"A","DNK","PCT",,"72.400002","P1Y","2003"
"A","DNK","PCT",,"71.699997","P1Y","2004"
"A","DNK","PCT",,"71.5","P1Y","2005"
"A","DNK","PCT",,"69.699997","P1Y","2006"
"A","DNK","PCT",,"69","P1Y","2007"
"A","DNK","PCT",,"68.800003","P1Y","2008"
"A","DNK","PCT",,"68.900002","P1Y","2009"
"A","DNK","PCT",,"68.099998","P1Y","2010"
"A","DNK","PCT",,"68.699997","P1Y","2011"
"A","DNK","PCT",,"69","P1Y","2012"
"A","DNK","PCT",,"68.800003","P1Y","2013"
"A","DNK","PCT",,"68.5","P1Y","2014"
"A","DNK","PCT",,"68.199997","P1Y","2015"
"A","DNK","PCT",,"67.400002","P1Y","2016"
"A","DNK","PCT",,"66.699997","P1Y","2017"
"A","DNK","PCT",,"67.5","P1Y","2018"
"A","DNK","PCT",,"67","P1Y","2019"
"A","FIN","PCT",,"31.9","P1Y","1960"
"A","FIN","PCT",,"31.5","P1Y","1961"
"A","FIN","PCT",,"35.299999","P1Y","1962"
"A","FIN","PCT",,"37.400002","P1Y","1963"
"A","FIN","PCT",,"37","P1Y","1964"
"A","FIN","PCT",,"38.299999","P1Y","1965"
"A","FIN","PCT",,"39.599998","P1Y","1966"
"A","FIN","PCT",,"40.700001","P1Y","1967"
"A","FIN","PCT",,"41","P1Y","1968"
"A","FIN","PCT",,"47.5","P1Y","1969"
"A","FIN","PCT",,"51.299999","P1Y","1970"
"A","FIN","PCT",,"56.200001","P1Y","1971"
"A","FIN","PCT",,"60.799999","P1Y","1972"
"A","FIN","PCT",,"61.400002","P1Y","1973"
"A","FIN","PCT",,"63.200001","P1Y","1974"
"A","FIN","PCT",,"65.300003","P1Y","1975"
"A","FIN","PCT",,"67.599998","P1Y","1976"
"A","FIN","PCT",,"66.699997","P1Y","1977"
"A","FIN","PCT",,"66.900002","P1Y","1978"
"A","FIN","PCT",,"68.099998","P1Y","1979"
"A","FIN","PCT",,"69.400002","P1Y","1980"
"A","FIN","PCT",,"68.300003","P1Y","1981"
"A","FIN","PCT",,"68.400002","P1Y","1982"
"A","FIN","PCT",,"68.800003","P1Y","1983"
"A","FIN","PCT",,"69","P1Y","1984"
"A","FIN","PCT",,"69.099998","P1Y","1985"
"A","FIN","PCT",,"70","P1Y","1986"
"A","FIN","PCT",,"70.599998","P1Y","1987"
"A","FIN","PCT",,"72.300003","P1Y","1988"
"A","FIN","PCT",,"72.800003","P1Y","1989"
"A","FIN","PCT",,"72.599998","P1Y","1990"
"A","FIN","PCT",,"75.5","P1Y","1991"
"A","FIN","PCT",,"78.400002","P1Y","1992"
"A","FIN","PCT",,"80.400002","P1Y","1993"
"A","FIN","PCT",,"79.800003","P1Y","1994"
"A","FIN","PCT",,"80","P1Y","1995"
"A","FIN","PCT",,"78.900002","P1Y","1996"
"A","FIN","PCT",,"78.5","P1Y","1997"
"A","FIN","PCT",,"78.599998","P1Y","1998"
"A","FIN","PCT",,"75.099998","P1Y","1999"
"A","FIN","PCT",,"74.199997","P1Y","2000"
"A","FIN","PCT",,"76.599998","P1Y","2001"
"A","FIN","PCT",,"75.699997","P1Y","2002"
"A","FIN","PCT",,"74.5","P1Y","2003"
"A","FIN","PCT",,"73.5","P1Y","2004"
"A","FIN","PCT",,"72.699997","P1Y","2005"
"A","FIN","PCT",,"71.900002","P1Y","2006"
"A","FIN","PCT",,"71.099998","P1Y","2007"
"A","FIN","PCT",,"69.900002","P1Y","2008"
"A","FIN","PCT",,"72.5","P1Y","2009"
"A","FIN","PCT",,"71.400002","P1Y","2010"
"A","FIN","PCT",,"69.599998","P1Y","2011"
"A","FIN","PCT",,"69.199997","P1Y","2012"
"A","FIN","PCT",,"67.5","P1Y","2013"
"A","FIN","PCT",,"67.800003","P1Y","2014"
"A","FIN","PCT",,"67.5","P1Y","2015"
"A","FIN","PCT",,"65.699997","P1Y","2016"
"A","FIN","PCT",,"62.900002","P1Y","2017"
"A","FIN","PCT",,"60","P1Y","2018"
"A","FIN","PCT",,"58.799999","P1Y","2019"
"A","FRA","PCT",,"20","P1Y","1960"
"A","FRA","PCT",,"20.700001","P1Y","1961"
"A","FRA","PCT",,"19.5","P1Y","1962"
"A","FRA","PCT",,"20.5","P1Y","1963"
"A","FRA","PCT",,"20.1","P1Y","1964"
"A","FRA","PCT",,"19.9","P1Y","1965"
"A","FRA","PCT",,"19.299999","P1Y","1966"
"A","FRA","PCT",,"19.4","P1Y","1967"
"A","FRA","PCT",,"20.799999","P1Y","1968"
"A","FRA","PCT",,"22.6","P1Y","1969"
"A","FRA","PCT",,"22.1","P1Y","1970"
"A","FRA","PCT",,"22","P1Y","1971"
"A","FRA","PCT",,"22","P1Y","1972"
"A","FRA","PCT",,"22.6","P1Y","1973"
"A","FRA","PCT",,"22.200001","P1Y","1974"
"A","FRA","PCT",,"22.6","P1Y","1975"
"A","FRA","PCT",,"21.700001","P1Y","1976"
"A","FRA","PCT",,"21.700001","P1Y","1977"
"A","FRA","PCT",,"20.9","P1Y","1978"
"A","FRA","PCT",,"19.4","P1Y","1979"
"A","FRA","PCT",,"18.6","P1Y","1980"
"A","FRA","PCT",,"18.1","P1Y","1981"
"A","FRA","PCT",,"17.299999","P1Y","1982"
"A","FRA","PCT",,"16.299999","P1Y","1983"
"A","FRA","PCT",,"15.2","P1Y","1984"
"A","FRA","PCT",,"13.8","P1Y","1985"
"A","FRA","PCT",,"12.6","P1Y","1986"
"A","FRA","PCT",,"12.1","P1Y","1987"
"A","FRA","PCT",,"11.5","P1Y","1988"
"A","FRA","PCT",,"10.9","P1Y","1989"
"A","FRA","PCT",,"10.7","P1Y","1990"
"A","FRA","PCT",,"10.4","P1Y","1991"
"A","FRA","PCT",,"10.4","P1Y","1992"
"A","FRA","PCT",,"10","P1Y","1993"
"A","FRA","PCT",,"10.8","P1Y","1996"
"A","FRA","PCT",,"10.5","P1Y","1997"
"A","FRA","PCT",,"10.5","P1Y","1998"
"A","FRA","PCT",,"10.8","P1Y","1999"
"A","FRA","PCT",,"10.8","P1Y","2000"
"A","FRA","PCT",,"10.8","P1Y","2001"
"A","FRA","PCT",,"10.8","P1Y","2002"
"A","FRA","PCT",,"10.8","P1Y","2003"
"A","FRA","PCT",,"10.5","P1Y","2004"
"A","FRA","PCT",,"10.5","P1Y","2005"
"A","FRA","PCT",,"10.6","P1Y","2008"
"A","FRA","PCT",,"10.8","P1Y","2010"
"A","FRA","PCT",,"11","P1Y","2013"
"A","FRA","PCT",,"10.8","P1Y","2016"
"A","DEU","PCT",,"34.700001","P1Y","1960"
"A","DEU","PCT",,"34.200001","P1Y","1961"
"A","DEU","PCT",,"33.799999","P1Y","1962"
"A","DEU","PCT",,"33.400002","P1Y","1963"
"A","DEU","PCT",,"33.099998","P1Y","1964"
"A","DEU","PCT",,"32.900002","P1Y","1965"
"A","DEU","PCT",,"32.5","P1Y","1966"
"A","DEU","PCT",,"32.799999","P1Y","1967"
"A","DEU","PCT",,"32.200001","P1Y","1968"
"A","DEU","PCT",,"31.700001","P1Y","1969"
"A","DEU","PCT",,"32","P1Y","1970"
"A","DEU","PCT",,"32.099998","P1Y","1971"
"A","DEU","PCT",,"32.400002","P1Y","1972"
"A","DEU","PCT",,"32.400002","P1Y","1973"
"A","DEU","PCT",,"33.700001","P1Y","1974"
"A","DEU","PCT",,"34.599998","P1Y","1975"
"A","DEU","PCT",,"35.099998","P1Y","1976"
"A","DEU","PCT",,"35.200001","P1Y","1977"
"A","DEU","PCT",,"35.5","P1Y","1978"
"A","DEU","PCT",,"35.299999","P1Y","1979"
"A","DEU","PCT",,"34.900002","P1Y","1980"
"A","DEU","PCT",,"35.099998","P1Y","1981"
"A","DEU","PCT",,"35","P1Y","1982"
"A","DEU","PCT",,"35","P1Y","1983"
"A","DEU","PCT",,"34.900002","P1Y","1984"
"A","DEU","PCT",,"34.700001","P1Y","1985"
"A","DEU","PCT",,"33.900002","P1Y","1986"
"A","DEU","PCT",,"33.299999","P1Y","1987"
"A","DEU","PCT",,"33.099998","P1Y","1988"
"A","DEU","PCT",,"32.400002","P1Y","1989"
"A","DEU","PCT",,"31.200001","P1Y","1990"
"A","DEU","PCT",,"36","P1Y","1991"
"A","DEU","PCT",,"33.900002","P1Y","1992"
"A","DEU","PCT",,"31.799999","P1Y","1993"
"A","DEU","PCT",,"30.4","P1Y","1994"
"A","DEU","PCT",,"29.200001","P1Y","1995"
"A","DEU","PCT",,"27.799999","P1Y","1996"
"A","DEU","PCT",,"27","P1Y","1997"
"A","DEU","PCT",,"25.9","P1Y","1998"
"A","DEU","PCT",,"25.299999","P1Y","1999"
"A","DEU","PCT",,"24.6","P1Y","2000"
"A","DEU","PCT",,"23.700001","P1Y","2001"
"A","DEU","PCT",,"23.5","P1Y","2002"
"A","DEU","PCT",,"23","P1Y","2003"
"A","DEU","PCT",,"22.200001","P1Y","2004"
"A","DEU","PCT",,"21.5","P1Y","2005"
"A","DEU","PCT",,"20.6","P1Y","2006"
"A","DEU","PCT",,"19.799999","P1Y","2007"
"A","DEU","PCT",,"19","P1Y","2008"
"A","DEU","PCT",,"18.799999","P1Y","2009"
"A","DEU","PCT",,"18.9","P1Y","2010"
"A","DEU","PCT",,"18.4","P1Y","2011"
"A","DEU","PCT",,"18.299999","P1Y","2012"
"A","DEU","PCT",,"18","P1Y","2013"
"A","DEU","PCT",,"17.700001","P1Y","2014"
"A","DEU","PCT",,"17.6","P1Y","2015"
"A","DEU","PCT",,"17","P1Y","2016"
"A","DEU","PCT",,"16.700001","P1Y","2017"
"A","DEU","PCT",,"16.6","P1Y","2018"
"A","DEU","PCT",,"16.299999","P1Y","2019"
"A","GRC","PCT",,"48.200001","P1Y","1977"
"A","GRC","PCT",,"39","P1Y","1980"
"A","GRC","PCT",,"39.400002","P1Y","1983"
"A","GRC","PCT",,"37.5","P1Y","1986"
"A","GRC","PCT",,"35.200001","P1Y","1989"
"A","GRC","PCT",,"37.599998","P1Y","1992"
"A","GRC","PCT",,"31.299999","P1Y","1995"
"A","GRC","PCT",,"27.5","P1Y","1998"
"A","GRC","PCT",,"24.9","P1Y","2001"
"A","GRC","PCT",,"24.1","P1Y","2004"
"A","GRC","PCT",,"22.6","P1Y","2007"
"A","GRC","PCT",,"22.200001","P1Y","2010"
"A","GRC","PCT",,"23.1","P1Y","2013"
"A","GRC","PCT",,"19","P1Y","2016"
"A","HUN","PCT",,"88.599998","P1Y","1990"
"A","HUN","PCT",,"51.5","P1Y","1993"
"A","HUN","PCT",,"48.299999","P1Y","1995"
"A","HUN","PCT",,"27.200001","P1Y","1998"
"A","HUN","PCT",,"23.799999","P1Y","2000"
"A","HUN","PCT",,"20.4","P1Y","2001"
"A","HUN","PCT",,"18.9","P1Y","2003"
"A","HUN","PCT",,"17.9","P1Y","2004"
"A","HUN","PCT",,"17.299999","P1Y","2005"
"A","HUN","PCT",,"15.3","P1Y","2008"
"A","HUN","PCT",,"12.5","P1Y","2012"
"A","HUN","PCT",,"11","P1Y","2014"
"A","HUN","PCT",,"9.1999998","P1Y","2016"
"A","HUN","PCT",,"8.3000002","P1Y","2018"
"A","ISL","PCT",,"67.099998","P1Y","1979"
"A","ISL","PCT",,"66.199997","P1Y","1980"
"A","ISL","PCT",,"75.599998","P1Y","1983"
"A","ISL","PCT",,"78.5","P1Y","1985"
"A","ISL","PCT",,"87.900002","P1Y","1991"
"A","ISL","PCT",,"87.5","P1Y","1992"
"A","ISL","PCT",,"86.5","P1Y","1993"
"A","ISL","PCT",,"87.400002","P1Y","1994"
"A","ISL","PCT",,"88.599998","P1Y","1995"
"A","ISL","PCT",,"88.699997","P1Y","1996"
"A","ISL","PCT",,"89.300003","P1Y","1997"
"A","ISL","PCT",,"90.900002","P1Y","1998"
"A","ISL","PCT",,"89.400002","P1Y","1999"
"A","ISL","PCT",,"89.099998","P1Y","2000"
"A","ISL","PCT",,"88.900002","P1Y","2001"
"A","ISL","PCT",,"93.300003","P1Y","2002"
"A","ISL","PCT",,"86.5","P1Y","2003"
"A","ISL","PCT",,"84.099998","P1Y","2004"
"A","ISL","PCT",,"84.099998","P1Y","2005"
"A","ISL","PCT",,"85.199997","P1Y","2006"
"A","ISL","PCT",,"84.900002","P1Y","2007"
"A","ISL","PCT",,"84.699997","P1Y","2008"
"A","ISL","PCT",,"84.900002","P1Y","2009"
"A","ISL","PCT",,"85.199997","P1Y","2010"
"A","ISL","PCT",,"85","P1Y","2011"
"A","ISL","PCT",,"85.300003","P1Y","2012"
"A","ISL","PCT",,"88.900002","P1Y","2013"
"A","ISL","PCT",,"90.400002","P1Y","2014"
"A","ISL","PCT",,"91.599998","P1Y","2015"
"A","ISL","PCT",,"90.400002","P1Y","2016"
"A","ISL","PCT",,"91","P1Y","2017"
"A","ISL","PCT",,"90.699997","P1Y","2018"
"A","ISL","PCT",,"90.699997","P1Y","2019"
"A","ISL","PCT",,"92.199997","P1Y","2020"
"A","IRL","PCT",,"45.299999","P1Y","1960"
"A","IRL","PCT",,"47.099998","P1Y","1961"
"A","IRL","PCT",,"48","P1Y","1962"
"A","IRL","PCT",,"47.799999","P1Y","1963"
"A","IRL","PCT",,"48.5","P1Y","1964"
"A","IRL","PCT",,"48.200001","P1Y","1965"
"A","IRL","PCT",,"48.299999","P1Y","1966"
"A","IRL","PCT",,"48.799999","P1Y","1967"
"A","IRL","PCT",,"49.599998","P1Y","1968"
"A","IRL","PCT",,"51.299999","P1Y","1969"
"A","IRL","PCT",,"53.200001","P1Y","1970"
"A","IRL","PCT",,"53.200001","P1Y","1971"
"A","IRL","PCT",,"53.599998","P1Y","1972"
"A","IRL","PCT",,"53.299999","P1Y","1973"
"A","IRL","PCT",,"53.900002","P1Y","1974"
"A","IRL","PCT",,"55.299999","P1Y","1975"
"A","IRL","PCT",,"56.299999","P1Y","1976"
"A","IRL","PCT",,"57","P1Y","1977"
"A","IRL","PCT",,"57.599998","P1Y","1978"
"A","IRL","PCT",,"57.5","P1Y","1979"
"A","IRL","PCT",,"57.099998","P1Y","1980"
"A","IRL","PCT",,"56.599998","P1Y","1981"
"A","IRL","PCT",,"56.099998","P1Y","1982"
"A","IRL","PCT",,"57.200001","P1Y","1983"
"A","IRL","PCT",,"57","P1Y","1984"
"A","IRL","PCT",,"54.200001","P1Y","1985"
"A","IRL","PCT",,"51.599998","P1Y","1986"
"A","IRL","PCT",,"50.200001","P1Y","1987"
"A","IRL","PCT",,"50.5","P1Y","1988"
"A","IRL","PCT",,"51.799999","P1Y","1989"
"A","IRL","PCT",,"51.099998","P1Y","1990"
"A","IRL","PCT",,"51.200001","P1Y","1991"
"A","IRL","PCT",,"51.299999","P1Y","1992"
"A","IRL","PCT",,"50","P1Y","1993"
"A","IRL","PCT",,"48.599998","P1Y","1994"
"A","IRL","PCT",,"47.099998","P1Y","1995"
"A","IRL","PCT",,"44.099998","P1Y","1996"
"A","IRL","PCT",,"44.200001","P1Y","1997"
"A","IRL","PCT",,"40.5","P1Y","1998"
"A","IRL","PCT",,"38.099998","P1Y","1999"
"A","IRL","PCT",,"35.900002","P1Y","2000"
"A","IRL","PCT",,"35","P1Y","2001"
"A","IRL","PCT",,"35.099998","P1Y","2002"
"A","IRL","PCT",,"34.900002","P1Y","2003"
"A","IRL","PCT",,"33.599998","P1Y","2004"
"A","IRL","PCT",,"32.400002","P1Y","2005"
"A","IRL","PCT",,"31.700001","P1Y","2006"
"A","IRL","PCT",,"30.5","P1Y","2007"
"A","IRL","PCT",,"30.9","P1Y","2008"
"A","IRL","PCT",,"31.9","P1Y","2009"
"A","IRL","PCT",,"31.6","P1Y","2010"
"A","IRL","PCT",,"31.6","P1Y","2011"
"A","IRL","PCT",,"30.1","P1Y","2012"
"A","IRL","PCT",,"28.5","P1Y","2013"
"A","IRL","PCT",,"26.299999","P1Y","2014"
"A","IRL","PCT",,"25.4","P1Y","2015"
"A","IRL","PCT",,"23.4","P1Y","2016"
"A","IRL","PCT",,"24.299999","P1Y","2017"
"A","IRL","PCT",,"24.1","P1Y","2018"
"A","IRL","PCT",,"25.1","P1Y","2019"
"A","IRL","PCT",,"26.200001","P1Y","2020"
"A","ITA","PCT",,"28.5","P1Y","1960"
"A","ITA","PCT",,"28.700001","P1Y","1961"
"A","ITA","PCT",,"29.200001","P1Y","1962"
"A","ITA","PCT",,"30.200001","P1Y","1963"
"A","ITA","PCT",,"31.299999","P1Y","1964"
"A","ITA","PCT",,"29.799999","P1Y","1965"
"A","ITA","PCT",,"29.700001","P1Y","1966"
"A","ITA","PCT",,"29.6","P1Y","1967"
"A","ITA","PCT",,"30.700001","P1Y","1968"
"A","ITA","PCT",,"32.200001","P1Y","1969"
"A","ITA","PCT",,"36.299999","P1Y","1970"
"A","ITA","PCT",,"39","P1Y","1971"
"A","ITA","PCT",,"41.099998","P1Y","1972"
"A","ITA","PCT",,"42.700001","P1Y","1973"
"A","ITA","PCT",,"46","P1Y","1974"
"A","ITA","PCT",,"47.5","P1Y","1975"
"A","ITA","PCT",,"49.900002","P1Y","1976"
"A","ITA","PCT",,"49.599998","P1Y","1977"
"A","ITA","PCT",,"50.400002","P1Y","1978"
"A","ITA","PCT",,"49.700001","P1Y","1979"
"A","ITA","PCT",,"49.599998","P1Y","1980"
"A","ITA","PCT",,"48","P1Y","1981"
"A","ITA","PCT",,"46.700001","P1Y","1982"
"A","ITA","PCT",,"45.5","P1Y","1983"
"A","ITA","PCT",,"45.299999","P1Y","1984"
"A","ITA","PCT",,"42.5","P1Y","1985"
"A","ITA","PCT",,"40.700001","P1Y","1986"
"A","ITA","PCT",,"40.299999","P1Y","1987"
"A","ITA","PCT",,"40.099998","P1Y","1988"
"A","ITA","PCT",,"39.700001","P1Y","1989"
"A","ITA","PCT",,"39","P1Y","1990"
"A","ITA","PCT",,"38.900002","P1Y","1991"
"A","ITA","PCT",,"39","P1Y","1992"
"A","ITA","PCT",,"38.700001","P1Y","1993"
"A","ITA","PCT",,"38.200001","P1Y","1994"
"A","ITA","PCT",,"37.599998","P1Y","1995"
"A","ITA","PCT",,"36.900002","P1Y","1996"
"A","ITA","PCT",,"36","P1Y","1997"
"A","ITA","PCT",,"35.599998","P1Y","1998"
"A","ITA","PCT",,"35.299999","P1Y","1999"
"A","ITA","PCT",,"34.799999","P1Y","2000"
"A","ITA","PCT",,"34.200001","P1Y","2001"
"A","ITA","PCT",,"33.700001","P1Y","2002"
"A","ITA","PCT",,"33.599998","P1Y","2003"
"A","ITA","PCT",,"34","P1Y","2004"
"A","ITA","PCT",,"33.799999","P1Y","2005"
"A","ITA","PCT",,"33.599998","P1Y","2006"
"A","ITA","PCT",,"34","P1Y","2007"
"A","ITA","PCT",,"33.900002","P1Y","2008"
"A","ITA","PCT",,"34.700001","P1Y","2009"
"A","ITA","PCT",,"35.299999","P1Y","2010"
"A","ITA","PCT",,"35.200001","P1Y","2011"
"A","ITA","PCT",,"35.5","P1Y","2012"
"A","ITA","PCT",,"35.700001","P1Y","2013"
"A","ITA","PCT",,"35.400002","P1Y","2014"
"A","ITA","PCT",,"34.200001","P1Y","2015"
"A","ITA","PCT",,"33.599998","P1Y","2016"
"A","ITA","PCT",,"33.200001","P1Y","2017"
"A","ITA","PCT",,"32.599998","P1Y","2018"
"A","ITA","PCT",,"32.5","P1Y","2019"
"A","JPN","PCT",,"32.299999","P1Y","1960"
"A","JPN","PCT",,"33.700001","P1Y","1961"
"A","JPN","PCT",,"34.599998","P1Y","1962"
"A","JPN","PCT",,"35","P1Y","1963"
"A","JPN","PCT",,"35.5","P1Y","1964"
"A","JPN","PCT",,"35.299999","P1Y","1965"
"A","JPN","PCT",,"34.700001","P1Y","1966"
"A","JPN","PCT",,"34.400002","P1Y","1967"
"A","JPN","PCT",,"34.5","P1Y","1968"
"A","JPN","PCT",,"35.200001","P1Y","1969"
"A","JPN","PCT",,"35.099998","P1Y","1970"
"A","JPN","PCT",,"34.599998","P1Y","1971"
"A","JPN","PCT",,"34.299999","P1Y","1972"
"A","JPN","PCT",,"33.5","P1Y","1973"
"A","JPN","PCT",,"34.299999","P1Y","1974"
"A","JPN","PCT",,"34.5","P1Y","1975"
"A","JPN","PCT",,"33.700001","P1Y","1976"
"A","JPN","PCT",,"33","P1Y","1977"
"A","JPN","PCT",,"32.599998","P1Y","1978"
"A","JPN","PCT",,"31.799999","P1Y","1979"
"A","JPN","PCT",,"31.1","P1Y","1980"
"A","JPN","PCT",,"30.9","P1Y","1981"
"A","JPN","PCT",,"30.6","P1Y","1982"
"A","JPN","PCT",,"29.799999","P1Y","1983"
"A","JPN","PCT",,"29.200001","P1Y","1984"
"A","JPN","PCT",,"28.799999","P1Y","1985"
"A","JPN","PCT",,"28.200001","P1Y","1986"
"A","JPN","PCT",,"27.700001","P1Y","1987"
"A","JPN","PCT",,"26.9","P1Y","1988"
"A","JPN","PCT",,"26.1","P1Y","1989"
"A","JPN","PCT",,"25.4","P1Y","1990"
"A","JPN","PCT",,"24.799999","P1Y","1991"
"A","JPN","PCT",,"24.5","P1Y","1992"
"A","JPN","PCT",,"24.299999","P1Y","1993"
"A","JPN","PCT",,"24.299999","P1Y","1994"
"A","JPN","PCT",,"24","P1Y","1995"
"A","JPN","PCT",,"23.4","P1Y","1996"
"A","JPN","PCT",,"22.799999","P1Y","1997"
"A","JPN","PCT",,"22.5","P1Y","1998"
"A","JPN","PCT",,"22.200001","P1Y","1999"
"A","JPN","PCT",,"21.5","P1Y","2000"
"A","JPN","PCT",,"20.9","P1Y","2001"
"A","JPN","PCT",,"20.299999","P1Y","2002"
"A","JPN","PCT",,"19.700001","P1Y","2003"
"A","JPN","PCT",,"19.299999","P1Y","2004"
"A","JPN","PCT",,"18.799999","P1Y","2005"
"A","JPN","PCT",,"18.299999","P1Y","2006"
"A","JPN","PCT",,"18.299999","P1Y","2007"
"A","JPN","PCT",,"18.200001","P1Y","2008"
"A","JPN","PCT",,"18.5","P1Y","2009"
"A","JPN","PCT",,"18.4","P1Y","2010"
"A","JPN","PCT",,"19","P1Y","2011"
"A","JPN","PCT",,"18","P1Y","2012"
"A","JPN","PCT",,"17.799999","P1Y","2013"
"A","JPN","PCT",,"17.6","P1Y","2014"
"A","JPN","PCT",,"17.5","P1Y","2015"
"A","JPN","PCT",,"17.4","P1Y","2016"
"A","JPN","PCT",,"17.200001","P1Y","2017"
"A","JPN","PCT",,"17","P1Y","2018"
"A","JPN","PCT",,"16.799999","P1Y","2019"
"A","KOR","PCT",,"9.3999996","P1Y","1963"
"A","KOR","PCT",,"11.5","P1Y","1964"
"A","KOR","PCT",,"11.6","P1Y","1965"
"A","KOR","PCT",,"11.8","P1Y","1966"
"A","KOR","PCT",,"12.4","P1Y","1967"
"A","KOR","PCT",,"12.1","P1Y","1968"
"A","KOR","PCT",,"12.5","P1Y","1969"
"A","KOR","PCT",,"12.6","P1Y","1970"
"A","KOR","PCT",,"12.7","P1Y","1971"
"A","KOR","PCT",,"12.9","P1Y","1972"
"A","KOR","PCT",,"13.2","P1Y","1973"
"A","KOR","PCT",,"14.8","P1Y","1974"
"A","KOR","PCT",,"15.8","P1Y","1975"
"A","KOR","PCT",,"16.5","P1Y","1976"
"A","KOR","PCT",,"16.700001","P1Y","1977"
"A","KOR","PCT",,"16.9","P1Y","1978"
"A","KOR","PCT",,"16.799999","P1Y","1979"
"A","KOR","PCT",,"14.7","P1Y","1980"
"A","KOR","PCT",,"14.6","P1Y","1981"
"A","KOR","PCT",,"14.4","P1Y","1982"
"A","KOR","PCT",,"14.1","P1Y","1983"
"A","KOR","PCT",,"13.2","P1Y","1984"
"A","KOR","PCT",,"12.4","P1Y","1985"
"A","KOR","PCT",,"12.3","P1Y","1986"
"A","KOR","PCT",,"13.8","P1Y","1987"
"A","KOR","PCT",,"17.799999","P1Y","1988"
"A","KOR","PCT",,"18.6","P1Y","1989"
"A","KOR","PCT",,"17.4","P1Y","1990"
"A","KOR","PCT",,"15.4","P1Y","1991"
"A","KOR","PCT",,"14.6","P1Y","1992"
"A","KOR","PCT",,"14","P1Y","1993"
"A","KOR","PCT",,"13.3","P1Y","1994"
"A","KOR","PCT",,"12.5","P1Y","1995"
"A","KOR","PCT",,"12.1","P1Y","1996"
"A","KOR","PCT",,"11.1","P1Y","1997"
"A","KOR","PCT",,"11.4","P1Y","1998"
"A","KOR","PCT",,"11.7","P1Y","1999"
"A","KOR","PCT",,"11.4","P1Y","2000"
"A","KOR","PCT",,"11.5","P1Y","2001"
"A","KOR","PCT",,"11.3","P1Y","2002"
"A","KOR","PCT",,"10.7","P1Y","2003"
"A","KOR","PCT",,"10.3","P1Y","2004"
"A","KOR","PCT",,"9.8999996","P1Y","2005"
"A","KOR","PCT",,"10","P1Y","2006"
"A","KOR","PCT",,"10.5","P1Y","2007"
"A","KOR","PCT",,"10.2","P1Y","2008"
"A","KOR","PCT",,"9.8999996","P1Y","2009"
"A","KOR","PCT",,"9.6000004","P1Y","2010"
"A","KOR","PCT",,"9.8000002","P1Y","2011"
"A","KOR","PCT",,"9.8999996","P1Y","2012"
"A","KOR","PCT",,"10.1","P1Y","2013"
"A","KOR","PCT",,"10.1","P1Y","2014"
"A","KOR","PCT",,"10","P1Y","2015"
"A","KOR","PCT",,"10","P1Y","2016"
"A","KOR","PCT",,"10.5","P1Y","2017"
"A","KOR","PCT",,"11.6","P1Y","2018"
"A","LUX","PCT",,"46.5","P1Y","1970"
"A","LUX","PCT",,"45.599998","P1Y","1971"
"A","LUX","PCT",,"44.799999","P1Y","1972"
"A","LUX","PCT",,"44.700001","P1Y","1973"
"A","LUX","PCT",,"45.299999","P1Y","1974"
"A","LUX","PCT",,"45.400002","P1Y","1975"
"A","LUX","PCT",,"46.400002","P1Y","1976"
"A","LUX","PCT",,"47.400002","P1Y","1977"
"A","LUX","PCT",,"48.599998","P1Y","1978"
"A","LUX","PCT",,"49.099998","P1Y","1979"
"A","LUX","PCT",,"50.400002","P1Y","1980"
"A","LUX","PCT",,"51.799999","P1Y","1981"
"A","LUX","PCT",,"49.299999","P1Y","1987"
"A","LUX","PCT",,"46.099998","P1Y","1990"
"A","LUX","PCT",,"44.099998","P1Y","1993"
"A","LUX","PCT",,"41.900002","P1Y","1997"
"A","LUX","PCT",,"43.200001","P1Y","1998"
"A","LUX","PCT",,"44","P1Y","2003"
"A","LUX","PCT",,"43.400002","P1Y","2004"
"A","LUX","PCT",,"42.599998","P1Y","2005"
"A","LUX","PCT",,"41.400002","P1Y","2006"
"A","LUX","PCT",,"39.5","P1Y","2007"
"A","LUX","PCT",,"37.599998","P1Y","2008"
"A","LUX","PCT",,"36.799999","P1Y","2009"
"A","LUX","PCT",,"36.099998","P1Y","2010"
"A","LUX","PCT",,"36.599998","P1Y","2011"
"A","LUX","PCT",,"35.299999","P1Y","2012"
"A","LUX","PCT",,"34.799999","P1Y","2013"
"A","LUX","PCT",,"34.099998","P1Y","2014"
"A","LUX","PCT",,"33.299999","P1Y","2015"
"A","LUX","PCT",,"32.299999","P1Y","2016"
"A","LUX","PCT",,"32.099998","P1Y","2017"
"A","LUX","PCT",,"30.4","P1Y","2018"
"A","LUX","PCT",,"28.200001","P1Y","2019"
"A","MEX","PCT",,"40.5","P1Y","1975"
"A","MEX","PCT",,"33.299999","P1Y","1978"
"A","MEX","PCT",,"27.4","P1Y","1989"
"A","MEX","PCT",,"24.299999","P1Y","1992"
"A","MEX","PCT",,"19.9","P1Y","1994"
"A","MEX","PCT",,"15.7","P1Y","1996"
"A","MEX","PCT",,"16.6","P1Y","1998"
"A","MEX","PCT",,"16.700001","P1Y","2000"
"A","MEX","PCT",,"15.5","P1Y","2002"
"A","MEX","PCT",,"16.9","P1Y","2005"
"A","MEX","PCT",,"16.299999","P1Y","2006"
"A","MEX","PCT",,"16.700001","P1Y","2007"
"A","MEX","PCT",,"15.6","P1Y","2008"
"A","MEX","PCT",,"15.3","P1Y","2009"
"A","MEX","PCT",,"14.5","P1Y","2010"
"A","MEX","PCT",,"14.7","P1Y","2011"
"A","MEX","PCT",,"14","P1Y","2012"
"A","MEX","PCT",,"13.8","P1Y","2013"
"A","MEX","PCT",,"13.6","P1Y","2014"
"A","MEX","PCT",,"13.1","P1Y","2015"
"A","MEX","PCT",,"12.7","P1Y","2016"
"A","MEX","PCT",,"12.5","P1Y","2017"
"A","MEX","PCT",,"12","P1Y","2018"
"A","MEX","PCT",,"12.3","P1Y","2019"
"A","MEX","PCT",,"12.4","P1Y","2020"
"A","NLD","PCT",,"41.700001","P1Y","1960"
"A","NLD","PCT",,"41.099998","P1Y","1961"
"A","NLD","PCT",,"40.799999","P1Y","1962"
"A","NLD","PCT",,"41","P1Y","1963"
"A","NLD","PCT",,"39.900002","P1Y","1964"
"A","NLD","PCT",,"39.700001","P1Y","1965"
"A","NLD","PCT",,"40.299999","P1Y","1966"
"A","NLD","PCT",,"39.799999","P1Y","1967"
"A","NLD","PCT",,"39","P1Y","1968"
"A","NLD","PCT",,"38","P1Y","1969"
"A","NLD","PCT",,"38.099998","P1Y","1970"
"A","NLD","PCT",,"37.799999","P1Y","1971"
"A","NLD","PCT",,"37.5","P1Y","1972"
"A","NLD","PCT",,"37.900002","P1Y","1973"
"A","NLD","PCT",,"37.5","P1Y","1974"
"A","NLD","PCT",,"37.799999","P1Y","1975"
"A","NLD","PCT",,"37.099998","P1Y","1976"
"A","NLD","PCT",,"37.200001","P1Y","1977"
"A","NLD","PCT",,"37","P1Y","1978"
"A","NLD","PCT",,"36.599998","P1Y","1979"
"A","NLD","PCT",,"34.799999","P1Y","1980"
"A","NLD","PCT",,"33","P1Y","1981"
"A","NLD","PCT",,"32.299999","P1Y","1982"
"A","NLD","PCT",,"30.700001","P1Y","1983"
"A","NLD","PCT",,"29.299999","P1Y","1984"
"A","NLD","PCT",,"27.700001","P1Y","1985"
"A","NLD","PCT",,"27.1","P1Y","1986"
"A","NLD","PCT",,"24.5","P1Y","1987"
"A","NLD","PCT",,"24.4","P1Y","1988"
"A","NLD","PCT",,"24.6","P1Y","1989"
"A","NLD","PCT",,"24.6","P1Y","1990"
"A","NLD","PCT",,"24.299999","P1Y","1991"
"A","NLD","PCT",,"24.1","P1Y","1992"
"A","NLD","PCT",,"25.700001","P1Y","1993"
"A","NLD","PCT",,"25.299999","P1Y","1994"
"A","NLD","PCT",,"25.299999","P1Y","1995"
"A","NLD","PCT",,"24.1","P1Y","1996"
"A","NLD","PCT",,"25.1","P1Y","1997"
"A","NLD","PCT",,"24.4","P1Y","1998"
"A","NLD","PCT",,"24.4","P1Y","1999"
"A","NLD","PCT",,"22.299999","P1Y","2000"
"A","NLD","PCT",,"21.6","P1Y","2001"
"A","NLD","PCT",,"21.4","P1Y","2002"
"A","NLD","PCT",,"20.9","P1Y","2003"
"A","NLD","PCT",,"21.299999","P1Y","2004"
"A","NLD","PCT",,"22.1","P1Y","2005"
"A","NLD","PCT",,"21.4","P1Y","2006"
"A","NLD","PCT",,"20.200001","P1Y","2007"
"A","NLD","PCT",,"20","P1Y","2008"
"A","NLD","PCT",,"20","P1Y","2009"
"A","NLD","PCT",,"19.5","P1Y","2010"
"A","NLD","PCT",,"19.299999","P1Y","2011"
"A","NLD","PCT",,"18.799999","P1Y","2012"
"A","NLD","PCT",,"18.200001","P1Y","2013"
"A","NLD","PCT",,"18.1","P1Y","2014"
"A","NLD","PCT",,"17.700001","P1Y","2015"
"A","NLD","PCT",,"17.299999","P1Y","2016"
"A","NLD","PCT",,"16.799999","P1Y","2017"
"A","NLD","PCT",,"16.5","P1Y","2018"
"A","NLD","PCT",,"15.4","P1Y","2019"
"A","NZL","PCT",,"56.200001","P1Y","1970"
"A","NZL","PCT",,"56.299999","P1Y","1971"
"A","NZL","PCT",,"56.299999","P1Y","1972"
"A","NZL","PCT",,"59","P1Y","1973"
"A","NZL","PCT",,"59.299999","P1Y","1974"
"A","NZL","PCT",,"60.900002","P1Y","1975"
"A","NZL","PCT",,"61","P1Y","1976"
"A","NZL","PCT",,"62.799999","P1Y","1977"
"A","NZL","PCT",,"65.699997","P1Y","1978"
"A","NZL","PCT",,"69","P1Y","1979"
"A","NZL","PCT",,"69.099998","P1Y","1980"
"A","NZL","PCT",,"65.699997","P1Y","1981"
"A","NZL","PCT",,"63.400002","P1Y","1982"
"A","NZL","PCT",,"60.900002","P1Y","1983"
"A","NZL","PCT",,"55","P1Y","1984"
"A","NZL","PCT",,"53.400002","P1Y","1985"
"A","NZL","PCT",,"53","P1Y","1989"
"A","NZL","PCT",,"42.900002","P1Y","1991"
"A","NZL","PCT",,"36","P1Y","1992"
"A","NZL","PCT",,"33.700001","P1Y","1993"
"A","NZL","PCT",,"29.6","P1Y","1994"
"A","NZL","PCT",,"27.200001","P1Y","1995"
"A","NZL","PCT",,"24.700001","P1Y","1996"
"A","NZL","PCT",,"23.4","P1Y","1997"
"A","NZL","PCT",,"22.1","P1Y","1998"
"A","NZL","PCT",,"21.700001","P1Y","1999"
"A","NZL","PCT",,"22.4","P1Y","2000"
"A","NZL","PCT",,"22.299999","P1Y","2001"
"A","NZL","PCT",,"21.799999","P1Y","2002"
"A","NZL","PCT",,"21.700001","P1Y","2003"
"A","NZL","PCT",,"21.700001","P1Y","2004"
"A","NZL","PCT",,"22.299999","P1Y","2005"
"A","NZL","PCT",,"21.799999","P1Y","2006"
"A","NZL","PCT",,"20.799999","P1Y","2007"
"A","NZL","PCT",,"21.4","P1Y","2008"
"A","NZL","PCT",,"21.5","P1Y","2009"
"A","NZL","PCT",,"21.4","P1Y","2010"
"A","NZL","PCT",,"20.5","P1Y","2011"
"A","NZL","PCT",,"20.299999","P1Y","2012"
"A","NZL","PCT",,"19.5","P1Y","2013"
"A","NZL","PCT",,"18.6","P1Y","2014"
"A","NZL","PCT",,"17.9","P1Y","2015"
"A","NZL","PCT",,"17.799999","P1Y","2016"
"A","NZL","PCT",,"17.5","P1Y","2017"
"A","NZL","PCT",,"17.700001","P1Y","2018"
"A","NOR","PCT",,"60","P1Y","1960"
"A","NOR","PCT",,"60.799999","P1Y","1961"
"A","NOR","PCT",,"59.799999","P1Y","1962"
"A","NOR","PCT",,"60.099998","P1Y","1963"
"A","NOR","PCT",,"59.299999","P1Y","1964"
"A","NOR","PCT",,"59","P1Y","1965"
"A","NOR","PCT",,"58.099998","P1Y","1966"
"A","NOR","PCT",,"57.599998","P1Y","1967"
"A","NOR","PCT",,"57.200001","P1Y","1968"
"A","NOR","PCT",,"57.200001","P1Y","1969"
"A","NOR","PCT",,"56.799999","P1Y","1970"
"A","NOR","PCT",,"54.700001","P1Y","1971"
"A","NOR","PCT",,"51.900002","P1Y","1972"
"A","NOR","PCT",,"53.099998","P1Y","1973"
"A","NOR","PCT",,"54.099998","P1Y","1974"
"A","NOR","PCT",,"53.5","P1Y","1975"
"A","NOR","PCT",,"52.299999","P1Y","1976"
"A","NOR","PCT",,"53.599998","P1Y","1977"
"A","NOR","PCT",,"54","P1Y","1978"
"A","NOR","PCT",,"55.5","P1Y","1979"
"A","NOR","PCT",,"57.900002","P1Y","1980"
"A","NOR","PCT",,"57.700001","P1Y","1981"
"A","NOR","PCT",,"58.099998","P1Y","1982"
"A","NOR","PCT",,"58.099998","P1Y","1983"
"A","NOR","PCT",,"58.299999","P1Y","1984"
"A","NOR","PCT",,"57.5","P1Y","1985"
"A","NOR","PCT",,"57.099998","P1Y","1986"
"A","NOR","PCT",,"55.700001","P1Y","1987"
"A","NOR","PCT",,"56.099998","P1Y","1988"
"A","NOR","PCT",,"57.900002","P1Y","1989"
"A","NOR","PCT",,"58.5","P1Y","1990"
"A","NOR","PCT",,"58.099998","P1Y","1991"
"A","NOR","PCT",,"58.099998","P1Y","1992"
"A","NOR","PCT",,"58","P1Y","1993"
"A","NOR","PCT",,"57.799999","P1Y","1994"
"A","NOR","PCT",,"57.299999","P1Y","1995"
"A","NOR","PCT",,"56.5","P1Y","1996"
"A","NOR","PCT",,"54.599998","P1Y","1997"
"A","NOR","PCT",,"55","P1Y","1998"
"A","NOR","PCT",,"54","P1Y","1999"
"A","NOR","PCT",,"53.599998","P1Y","2000"
"A","NOR","PCT",,"52.599998","P1Y","2001"
"A","NOR","PCT",,"52.799999","P1Y","2002"
"A","NOR","PCT",,"51.799999","P1Y","2003"
"A","NOR","PCT",,"51.599998","P1Y","2004"
"A","NOR","PCT",,"51.200001","P1Y","2005"
"A","NOR","PCT",,"51.099998","P1Y","2006"
"A","NOR","PCT",,"50.099998","P1Y","2007"
"A","NOR","PCT",,"49.799999","P1Y","2008"
"A","NOR","PCT",,"50.299999","P1Y","2009"
"A","NOR","PCT",,"50.5","P1Y","2010"
"A","NOR","PCT",,"49.900002","P1Y","2011"
"A","NOR","PCT",,"49.900002","P1Y","2012"
"A","NOR","PCT",,"49.799999","P1Y","2013"
"A","NOR","PCT",,"50.099998","P1Y","2014"
"A","NOR","PCT",,"49.799999","P1Y","2015"
"A","NOR","PCT",,"50","P1Y","2016"
"A","NOR","PCT",,"50","P1Y","2017"
"A","NOR","PCT",,"49.900002","P1Y","2018"
"A","NOR","PCT",,"50.400002","P1Y","2019"
"A","POL","PCT",,"63.599998","P1Y","1990"
"A","POL","PCT",,"54.299999","P1Y","1991"
"A","POL","PCT",,"44.400002","P1Y","1992"
"A","POL","PCT",,"46.099998","P1Y","1993"
"A","POL","PCT",,"38.299999","P1Y","1994"
"A","POL","PCT",,"34.700001","P1Y","1995"
"A","POL","PCT",,"32.099998","P1Y","1996"
"A","POL","PCT",,"28.700001","P1Y","1997"
"A","POL","PCT",,"26.1","P1Y","1998"
"A","POL","PCT",,"24.700001","P1Y","1999"
"A","POL","PCT",,"23.5","P1Y","2000"
"A","POL","PCT",,"22.299999","P1Y","2001"
"A","POL","PCT",,"22.799999","P1Y","2002"
"A","POL","PCT",,"22.9","P1Y","2003"
"A","POL","PCT",,"22.9","P1Y","2004"
"A","POL","PCT",,"23.799999","P1Y","2005"
"A","POL","PCT",,"17.9","P1Y","2006"
"A","POL","PCT",,"16.700001","P1Y","2007"
"A","POL","PCT",,"15.7","P1Y","2008"
"A","POL","PCT",,"15.4","P1Y","2009"
"A","POL","PCT",,"17.4","P1Y","2010"
"A","POL","PCT",,"17.299999","P1Y","2011"
"A","POL","PCT",,"16.6","P1Y","2012"
"A","POL","PCT",,"16.5","P1Y","2014"
"A","POL","PCT",,"14.1","P1Y","2016"
"A","POL","PCT",,"13.4","P1Y","2017"
"A","PRT","PCT",,"75","P1Y","1973"
"A","PRT","PCT",,"63","P1Y","1977"
"A","PRT","PCT",,"60.799999","P1Y","1978"
"A","PRT","PCT",,"60.099998","P1Y","1979"
"A","PRT","PCT",,"47.200001","P1Y","1984"
"A","PRT","PCT",,"41.200001","P1Y","1986"
"A","PRT","PCT",,"29.299999","P1Y","1990"
"A","PRT","PCT",,"26.6","P1Y","1995"
"A","PRT","PCT",,"25.200001","P1Y","1997"
"A","PRT","PCT",,"20.5","P1Y","2002"
"A","PRT","PCT",,"21.1","P1Y","2003"
"A","PRT","PCT",,"21.6","P1Y","2004"
"A","PRT","PCT",,"21.1","P1Y","2006"
"A","PRT","PCT",,"20.700001","P1Y","2008"
"A","PRT","PCT",,"20.4","P1Y","2009"
"A","PRT","PCT",,"19.6","P1Y","2010"
"A","PRT","PCT",,"18.6","P1Y","2011"
"A","PRT","PCT",,"16.1","P1Y","2015"
"A","PRT","PCT",,"15.3","P1Y","2016"
"A","SVK","PCT",,"59.799999","P1Y","1995"
"A","SVK","PCT",,"41.299999","P1Y","1997"
"A","SVK","PCT",,"38","P1Y","1998"
"A","SVK","PCT",,"36","P1Y","1999"
"A","SVK","PCT",,"34.200001","P1Y","2000"
"A","SVK","PCT",,"32.5","P1Y","2001"
"A","SVK","PCT",,"30.1","P1Y","2002"
"A","SVK","PCT",,"27.700001","P1Y","2003"
"A","SVK","PCT",,"25.4","P1Y","2004"
"A","SVK","PCT",,"23.5","P1Y","2005"
"A","SVK","PCT",,"20.6","P1Y","2006"
"A","SVK","PCT",,"18.700001","P1Y","2007"
"A","SVK","PCT",,"16.799999","P1Y","2008"
"A","SVK","PCT",,"16","P1Y","2009"
"A","SVK","PCT",,"16.4","P1Y","2010"
"A","SVK","PCT",,"14.5","P1Y","2011"
"A","SVK","PCT",,"14.5","P1Y","2012"
"A","SVK","PCT",,"14.1","P1Y","2013"
"A","SVK","PCT",,"13.4","P1Y","2014"
"A","SVK","PCT",,"12.6","P1Y","2015"
"A","SVK","PCT",,"11.8","P1Y","2016"
"A","SVK","PCT",,"11.5","P1Y","2017"
"A","SVK","PCT",,"11.3","P1Y","2018"
"A","ESP","PCT",,"18.1","P1Y","1977"
"A","ESP","PCT",,"44.5","P1Y","1978"
"A","ESP","PCT",,"31.200001","P1Y","1979"
"A","ESP","PCT",,"13.3","P1Y","1980"
"A","ESP","PCT",,"11.4","P1Y","1981"
"A","ESP","PCT",,"12.6","P1Y","1982"
"A","ESP","PCT",,"13.1","P1Y","1983"
"A","ESP","PCT",,"12.2","P1Y","1984"
"A","ESP","PCT",,"12.7","P1Y","1985"
"A","ESP","PCT",,"12.2","P1Y","1986"
"A","ESP","PCT",,"12.7","P1Y","1987"
"A","ESP","PCT",,"13.9","P1Y","1988"
"A","ESP","PCT",,"14.1","P1Y","1989"
"A","ESP","PCT",,"14.1","P1Y","1990"
"A","ESP","PCT",,"16.6","P1Y","1991"
"A","ESP","PCT",,"18.9","P1Y","1992"
"A","ESP","PCT",,"20.4","P1Y","1993"
"A","ESP","PCT",,"20.1","P1Y","1994"
"A","ESP","PCT",,"18.6","P1Y","1995"
"A","ESP","PCT",,"18.200001","P1Y","1996"
"A","ESP","PCT",,"17.6","P1Y","1997"
"A","ESP","PCT",,"18.200001","P1Y","1998"
"A","ESP","PCT",,"17.799999","P1Y","1999"
"A","ESP","PCT",,"17.5","P1Y","2000"
"A","ESP","PCT",,"17.200001","P1Y","2001"
"A","ESP","PCT",,"16.799999","P1Y","2002"
"A","ESP","PCT",,"16.5","P1Y","2003"
"A","ESP","PCT",,"16","P1Y","2004"
"A","ESP","PCT",,"15.5","P1Y","2005"
"A","ESP","PCT",,"15.6","P1Y","2006"
"A","ESP","PCT",,"16.4","P1Y","2007"
"A","ESP","PCT",,"17.4","P1Y","2008"
"A","ESP","PCT",,"18.299999","P1Y","2009"
"A","ESP","PCT",,"18.200001","P1Y","2010"
"A","ESP","PCT",,"17.9","P1Y","2011"
"A","ESP","PCT",,"17.799999","P1Y","2012"
"A","ESP","PCT",,"17","P1Y","2013"
"A","ESP","PCT",,"15.8","P1Y","2014"
"A","ESP","PCT",,"14.4","P1Y","2015"
"A","ESP","PCT",,"13.9","P1Y","2016"
"A","ESP","PCT",,"13.4","P1Y","2017"
"A","ESP","PCT",,"13","P1Y","2018"
"A","ESP","PCT",,"12.5","P1Y","2019"
"A","SWE","PCT",,"64.599998","P1Y","1960"
"A","SWE","PCT",,"65","P1Y","1961"
"A","SWE","PCT",,"65.900002","P1Y","1962"
"A","SWE","PCT",,"64.800003","P1Y","1963"
"A","SWE","PCT",,"65.5","P1Y","1964"
"A","SWE","PCT",,"65.400002","P1Y","1965"
"A","SWE","PCT",,"64.800003","P1Y","1966"
"A","SWE","PCT",,"65.900002","P1Y","1967"
"A","SWE","PCT",,"66.199997","P1Y","1968"
"A","SWE","PCT",,"67","P1Y","1969"
"A","SWE","PCT",,"66.599998","P1Y","1970"
"A","SWE","PCT",,"68.099998","P1Y","1971"
"A","SWE","PCT",,"69.199997","P1Y","1972"
"A","SWE","PCT",,"70.5","P1Y","1973"
"A","SWE","PCT",,"71.900002","P1Y","1974"
"A","SWE","PCT",,"74","P1Y","1975"
"A","SWE","PCT",,"74","P1Y","1976"
"A","SWE","PCT",,"76.099998","P1Y","1977"
"A","SWE","PCT",,"77.099998","P1Y","1978"
"A","SWE","PCT",,"77.400002","P1Y","1979"
"A","SWE","PCT",,"78.099998","P1Y","1980"
"A","SWE","PCT",,"78.400002","P1Y","1981"
"A","SWE","PCT",,"79","P1Y","1982"
"A","SWE","PCT",,"79.599998","P1Y","1983"
"A","SWE","PCT",,"80.699997","P1Y","1984"
"A","SWE","PCT",,"81.300003","P1Y","1985"
"A","SWE","PCT",,"82.900002","P1Y","1986"
"A","SWE","PCT",,"85.5","P1Y","1987"
"A","SWE","PCT",,"84.699997","P1Y","1988"
"A","SWE","PCT",,"83.699997","P1Y","1989"
"A","SWE","PCT",,"81.5","P1Y","1990"
"A","SWE","PCT",,"82.300003","P1Y","1991"
"A","SWE","PCT",,"84.300003","P1Y","1992"
"A","SWE","PCT",,"86.300003","P1Y","1993"
"A","SWE","PCT",,"86.599998","P1Y","1994"
"A","SWE","PCT",,"84.800003","P1Y","1995"
"A","SWE","PCT",,"84.699997","P1Y","1996"
"A","SWE","PCT",,"84","P1Y","1997"
"A","SWE","PCT",,"83.900002","P1Y","1998"
"A","SWE","PCT",,"82.699997","P1Y","1999"
"A","SWE","PCT",,"81","P1Y","2000"
"A","SWE","PCT",,"78.699997","P1Y","2001"
"A","SWE","PCT",,"78","P1Y","2002"
"A","SWE","PCT",,"77.199997","P1Y","2003"
"A","SWE","PCT",,"76.400002","P1Y","2004"
"A","SWE","PCT",,"75.699997","P1Y","2005"
"A","SWE","PCT",,"74.300003","P1Y","2006"
"A","SWE","PCT",,"70.800003","P1Y","2007"
"A","SWE","PCT",,"68.300003","P1Y","2008"
"A","SWE","PCT",,"68.400002","P1Y","2009"
"A","SWE","PCT",,"68.199997","P1Y","2010"
"A","SWE","PCT",,"67.5","P1Y","2011"
"A","SWE","PCT",,"67.5","P1Y","2012"
"A","SWE","PCT",,"67.699997","P1Y","2013"
"A","SWE","PCT",,"67.300003","P1Y","2014"
"A","SWE","PCT",,"67","P1Y","2015"
"A","SWE","PCT",,"66.699997","P1Y","2016"
"A","SWE","PCT",,"66.099998","P1Y","2017"
"A","SWE","PCT",,"65.5","P1Y","2018"
"A","SWE","PCT",,"65.199997","P1Y","2019"
"A","CHE","PCT",,"31.200001","P1Y","1960"
"A","CHE","PCT",,"30.4","P1Y","1961"
"A","CHE","PCT",,"29.799999","P1Y","1962"
"A","CHE","PCT",,"29.200001","P1Y","1963"
"A","CHE","PCT",,"28.799999","P1Y","1964"
"A","CHE","PCT",,"28.5","P1Y","1965"
"A","CHE","PCT",,"28.1","P1Y","1966"
"A","CHE","PCT",,"27.200001","P1Y","1967"
"A","CHE","PCT",,"26.6","P1Y","1968"
"A","CHE","PCT",,"26.200001","P1Y","1969"
"A","CHE","PCT",,"25.4","P1Y","1970"
"A","CHE","PCT",,"25.6","P1Y","1971"
"A","CHE","PCT",,"25.4","P1Y","1972"
"A","CHE","PCT",,"25.200001","P1Y","1973"
"A","CHE","PCT",,"25.5","P1Y","1974"
"A","CHE","PCT",,"28.4","P1Y","1975"
"A","CHE","PCT",,"29.700001","P1Y","1976"
"A","CHE","PCT",,"29.4","P1Y","1977"
"A","CHE","PCT",,"28.9","P1Y","1978"
"A","CHE","PCT",,"28.6","P1Y","1979"
"A","CHE","PCT",,"28.1","P1Y","1980"
"A","CHE","PCT",,"27.5","P1Y","1981"
"A","CHE","PCT",,"27.200001","P1Y","1982"
"A","CHE","PCT",,"27","P1Y","1983"
"A","CHE","PCT",,"26.700001","P1Y","1984"
"A","CHE","PCT",,"25.4","P1Y","1985"
"A","CHE","PCT",,"24.4","P1Y","1986"
"A","CHE","PCT",,"24.1","P1Y","1987"
"A","CHE","PCT",,"23.700001","P1Y","1988"
"A","CHE","PCT",,"23.299999","P1Y","1989"
"A","CHE","PCT",,"23","P1Y","1990"
"A","CHE","PCT",,"23","P1Y","1991"
"A","CHE","PCT",,"23.4","P1Y","1992"
"A","CHE","PCT",,"23.5","P1Y","1993"
"A","CHE","PCT",,"23.6","P1Y","1994"
"A","CHE","PCT",,"23.1","P1Y","1995"
"A","CHE","PCT",,"22.700001","P1Y","1996"
"A","CHE","PCT",,"22.299999","P1Y","1997"
"A","CHE","PCT",,"22","P1Y","1998"
"A","CHE","PCT",,"21.4","P1Y","1999"
"A","CHE","PCT",,"20.700001","P1Y","2000"
"A","CHE","PCT",,"20.200001","P1Y","2001"
"A","CHE","PCT",,"20.299999","P1Y","2002"
"A","CHE","PCT",,"20.4","P1Y","2003"
"A","CHE","PCT",,"19.9","P1Y","2004"
"A","CHE","PCT",,"19.799999","P1Y","2005"
"A","CHE","PCT",,"19.299999","P1Y","2006"
"A","CHE","PCT",,"18.9","P1Y","2007"
"A","CHE","PCT",,"17.9","P1Y","2008"
"A","CHE","PCT",,"17.700001","P1Y","2009"
"A","CHE","PCT",,"17.6","P1Y","2010"
"A","CHE","PCT",,"17","P1Y","2011"
"A","CHE","PCT",,"16.5","P1Y","2012"
"A","CHE","PCT",,"16.6","P1Y","2013"
"A","CHE","PCT",,"16.1","P1Y","2014"
"A","CHE","PCT",,"15.7","P1Y","2015"
"A","CHE","PCT",,"15.3","P1Y","2016"
"A","CHE","PCT",,"14.9","P1Y","2017"
"A","CHE","PCT",,"14.4","P1Y","2018"
"A","TUR","PCT",,"12.1","P1Y","1960"
"A","TUR","PCT",,"11.9","P1Y","1961"
"A","TUR","PCT",,"11.6","P1Y","1962"
"A","TUR","PCT",,"11.3","P1Y","1963"
"A","TUR","PCT",,"12.2","P1Y","1964"
"A","TUR","PCT",,"12.5","P1Y","1965"
"A","TUR","PCT",,"11.7","P1Y","1966"
"A","TUR","PCT",,"25.5","P1Y","1967"
"A","TUR","PCT",,"40.400002","P1Y","1975"
"A","TUR","PCT",,"35.200001","P1Y","1978"
"A","TUR","PCT",,"22.4","P1Y","1984"
"A","TUR","PCT",,"27.9","P1Y","1985"
"A","TUR","PCT",,"26","P1Y","1986"
"A","TUR","PCT",,"28.6","P1Y","1987"
"A","TUR","PCT",,"27.700001","P1Y","1988"
"A","TUR","PCT",,"26.799999","P1Y","1989"
"A","TUR","PCT",,"24","P1Y","1990"
"A","TUR","PCT",,"24.6","P1Y","1991"
"A","TUR","PCT",,"25.200001","P1Y","1992"
"A","TUR","PCT",,"24.5","P1Y","1993"
"A","TUR","PCT",,"21.5","P1Y","1994"
"A","TUR","PCT",,"16.700001","P1Y","1995"
"A","TUR","PCT",,"15.7","P1Y","1996"
"A","TUR","PCT",,"17.4","P1Y","1997"
"A","TUR","PCT",,"15.6","P1Y","1998"
"A","TUR","PCT",,"13.3","P1Y","1999"
"A","TUR","PCT",,"12.5","P1Y","2000"
"A","TUR","PCT",,"12.5","P1Y","2001"
"A","TUR","PCT",,"11.9","P1Y","2002"
"A","TUR","PCT",,"11.2","P1Y","2003"
"A","TUR","PCT",,"10.5","P1Y","2004"
"A","TUR","PCT",,"10.3","P1Y","2005"
"A","TUR","PCT",,"9.3999996","P1Y","2006"
"A","TUR","PCT",,"8.3000002","P1Y","2007"
"A","TUR","PCT",,"7.3000002","P1Y","2008"
"A","TUR","PCT",,"7.3000002","P1Y","2009"
"A","TUR","PCT",,"7.3000002","P1Y","2010"
"A","TUR","PCT",,"7.0999999","P1Y","2011"
"A","TUR","PCT",,"6.3000002","P1Y","2012"
"A","TUR","PCT",,"6.3000002","P1Y","2013"
"A","TUR","PCT",,"6.9000001","P1Y","2014"
"A","TUR","PCT",,"8","P1Y","2015"
"A","TUR","PCT",,"8.1999998","P1Y","2016"
"A","TUR","PCT",,"8.6000004","P1Y","2017"
"A","TUR","PCT",,"9.1999998","P1Y","2018"
"A","TUR","PCT",,"9.8999996","P1Y","2019"
"A","GBR","PCT",,"40.5","P1Y","1960"
"A","GBR","PCT",,"40.200001","P1Y","1961"
"A","GBR","PCT",,"40.200001","P1Y","1962"
"A","GBR","PCT",,"40.299999","P1Y","1963"
"A","GBR","PCT",,"40.299999","P1Y","1964"
"A","GBR","PCT",,"40.299999","P1Y","1965"
"A","GBR","PCT",,"39.700001","P1Y","1966"
"A","GBR","PCT",,"40.200001","P1Y","1967"
"A","GBR","PCT",,"40.5","P1Y","1968"
"A","GBR","PCT",,"41.700001","P1Y","1969"
"A","GBR","PCT",,"44.799999","P1Y","1970"
"A","GBR","PCT",,"45.299999","P1Y","1971"
"A","GBR","PCT",,"46.200001","P1Y","1972"
"A","GBR","PCT",,"45.5","P1Y","1973"
"A","GBR","PCT",,"46.400002","P1Y","1974"
"A","GBR","PCT",,"43.799999","P1Y","1975"
"A","GBR","PCT",,"46.5","P1Y","1976"
"A","GBR","PCT",,"48.299999","P1Y","1977"
"A","GBR","PCT",,"50.299999","P1Y","1978"
"A","GBR","PCT",,"50.700001","P1Y","1979"
"A","GBR","PCT",,"52.200001","P1Y","1980"
"A","GBR","PCT",,"52.099998","P1Y","1981"
"A","GBR","PCT",,"52","P1Y","1982"
"A","GBR","PCT",,"50.099998","P1Y","1983"
"A","GBR","PCT",,"47.799999","P1Y","1984"
"A","GBR","PCT",,"45.299999","P1Y","1985"
"A","GBR","PCT",,"45.5","P1Y","1986"
"A","GBR","PCT",,"44","P1Y","1987"
"A","GBR","PCT",,"42.299999","P1Y","1988"
"A","GBR","PCT",,"41.099998","P1Y","1989"
"A","GBR","PCT",,"39.599998","P1Y","1990"
"A","GBR","PCT",,"39.799999","P1Y","1991"
"A","GBR","PCT",,"39.5","P1Y","1992"
"A","GBR","PCT",,"37.5","P1Y","1993"
"A","GBR","PCT",,"36.200001","P1Y","1994"
"A","GBR","PCT",,"33.900002","P1Y","1995"
"A","GBR","PCT",,"32.599998","P1Y","1996"
"A","GBR","PCT",,"31.4","P1Y","1997"
"A","GBR","PCT",,"30.1","P1Y","1998"
"A","GBR","PCT",,"30","P1Y","1999"
"A","GBR","PCT",,"29.799999","P1Y","2000"
"A","GBR","PCT",,"29.299999","P1Y","2001"
"A","GBR","PCT",,"28.799999","P1Y","2002"
"A","GBR","PCT",,"29.299999","P1Y","2003"
"A","GBR","PCT",,"28.799999","P1Y","2004"
"A","GBR","PCT",,"28.6","P1Y","2005"
"A","GBR","PCT",,"28.299999","P1Y","2006"
"A","GBR","PCT",,"28","P1Y","2007"
"A","GBR","PCT",,"27.5","P1Y","2008"
"A","GBR","PCT",,"27.4","P1Y","2009"
"A","GBR","PCT",,"26.6","P1Y","2010"
"A","GBR","PCT",,"26","P1Y","2011"
"A","GBR","PCT",,"26.1","P1Y","2012"
"A","GBR","PCT",,"25.6","P1Y","2013"
"A","GBR","PCT",,"25","P1Y","2014"
"A","GBR","PCT",,"24.700001","P1Y","2015"
"A","GBR","PCT",,"23.6","P1Y","2016"
"A","GBR","PCT",,"23.299999","P1Y","2017"
"A","GBR","PCT",,"23.4","P1Y","2018"
"A","GBR","PCT",,"23.5","P1Y","2019"
"A","USA","PCT",,"30.9","P1Y","1960"
"A","USA","PCT",,"29.5","P1Y","1961"
"A","USA","PCT",,"27.6","P1Y","1962"
"A","USA","PCT",,"28.5","P1Y","1963"
"A","USA","PCT",,"28.299999","P1Y","1964"
"A","USA","PCT",,"28.200001","P1Y","1965"
"A","USA","PCT",,"28.200001","P1Y","1966"
"A","USA","PCT",,"27.799999","P1Y","1967"
"A","USA","PCT",,"27.9","P1Y","1968"
"A","USA","PCT",,"27.299999","P1Y","1969"
"A","USA","PCT",,"27.4","P1Y","1970"
"A","USA","PCT",,"26.9","P1Y","1971"
"A","USA","PCT",,"26.299999","P1Y","1972"
"A","USA","PCT",,"25.799999","P1Y","1973"
"A","USA","PCT",,"25.700001","P1Y","1974"
"A","USA","PCT",,"25.299999","P1Y","1975"
"A","USA","PCT",,"24.4","P1Y","1976"
"A","USA","PCT",,"23.6","P1Y","1977"
"A","USA","PCT",,"23.9","P1Y","1978"
"A","USA","PCT",,"22.4","P1Y","1979"
"A","USA","PCT",,"22.1","P1Y","1980"
"A","USA","PCT",,"19.5","P1Y","1983"
"A","USA","PCT",,"18.200001","P1Y","1984"
"A","USA","PCT",,"17.4","P1Y","1985"
"A","USA","PCT",,"17","P1Y","1986"
"A","USA","PCT",,"16.5","P1Y","1987"
"A","USA","PCT",,"16.200001","P1Y","1988"
"A","USA","PCT",,"15.9","P1Y","1989"
"A","USA","PCT",,"15.5","P1Y","1990"
"A","USA","PCT",,"15.5","P1Y","1991"
"A","USA","PCT",,"15.2","P1Y","1992"
"A","USA","PCT",,"15.2","P1Y","1993"
"A","USA","PCT",,"14.9","P1Y","1994"
"A","USA","PCT",,"14.3","P1Y","1995"
"A","USA","PCT",,"14","P1Y","1996"
"A","USA","PCT",,"13.6","P1Y","1997"
"A","USA","PCT",,"13.4","P1Y","1998"
"A","USA","PCT",,"13.4","P1Y","1999"
"A","USA","PCT",,"12.9","P1Y","2000"
"A","USA","PCT",,"12.9","P1Y","2001"
"A","USA","PCT",,"12.8","P1Y","2002"
"A","USA","PCT",,"12.4","P1Y","2003"
"A","USA","PCT",,"12","P1Y","2004"
"A","USA","PCT",,"12","P1Y","2005"
"A","USA","PCT",,"11.5","P1Y","2006"
"A","USA","PCT",,"11.6","P1Y","2007"
"A","USA","PCT",,"11.9","P1Y","2008"
"A","USA","PCT",,"11.8","P1Y","2009"
"A","USA","PCT",,"11.4","P1Y","2010"
"A","USA","PCT",,"11.3","P1Y","2011"
"A","USA","PCT",,"10.8","P1Y","2012"
"A","USA","PCT",,"10.8","P1Y","2013"
"A","USA","PCT",,"10.7","P1Y","2014"
"A","USA","PCT",,"10.6","P1Y","2015"
"A","USA","PCT",,"10.3","P1Y","2016"
"A","USA","PCT",,"10.3","P1Y","2017"
"A","USA","PCT",,"10.1","P1Y","2018"
"A","USA","PCT",,"9.8999996","P1Y","2019"
"A","USA","PCT",,"10.3","P1Y","2020"
"A","OTO","PCT","E","38","P1Y","1960"
"A","OTO","PCT","E","37.700001","P1Y","1961"
"A","OTO","PCT","E","36.900002","P1Y","1962"
"A","OTO","PCT","E","37.299999","P1Y","1963"
"A","OTO","PCT","E","37.299999","P1Y","1964"
"A","OTO","PCT","E","37.099998","P1Y","1965"
"A","OTO","PCT","E","36.700001","P1Y","1966"
"A","OTO","PCT","E","36.799999","P1Y","1967"
"A","OTO","PCT","E","37","P1Y","1968"
"A","OTO","PCT","E","37.200001","P1Y","1969"
"A","OTO","PCT","E","37.900002","P1Y","1970"
"A","OTO","PCT","E","38","P1Y","1971"
"A","OTO","PCT","E","38.099998","P1Y","1972"
"A","OTO","PCT","E","37.900002","P1Y","1973"
"A","OTO","PCT","E","38.5","P1Y","1974"
"A","OTO","PCT","E","38.700001","P1Y","1975"
"A","OTO","PCT","E","38.400002","P1Y","1976"
"A","OTO","PCT","E","37.900002","P1Y","1977"
"A","OTO","PCT","E","38.900002","P1Y","1978"
"A","OTO","PCT","E","37.400002","P1Y","1979"
"A","OTO","PCT","E","36.5","P1Y","1980"
"A","OTO","PCT","E","35.700001","P1Y","1981"
"A","OTO","PCT","E","35.200001","P1Y","1982"
"A","OTO","PCT","E","34.200001","P1Y","1983"
"A","OTO","PCT","E","33","P1Y","1984"
"A","OTO","PCT","E","32.099998","P1Y","1985"
"A","OTO","PCT","E","31.200001","P1Y","1986"
"A","OTO","PCT","E","30.6","P1Y","1987"
"A","OTO","PCT","E","30.1","P1Y","1988"
"A","OTO","PCT","E","29.5","P1Y","1989"
"A","OTO","PCT","E","28.799999","P1Y","1990"
"A","OTO","PCT","E","28.4","P1Y","1991"
"A","OTO","PCT","E","27.4","P1Y","1992"
"A","OTO","PCT","E","26.5","P1Y","1993"
"A","OTO","PCT","E","25.299999","P1Y","1994"
"A","OTO","PCT","E","24.200001","P1Y","1995"
"A","OTO","PCT","E","23.200001","P1Y","1996"
"A","OTO","PCT","E","22.5","P1Y","1997"
"A","OTO","PCT","E","21.9","P1Y","1998"
"A","OTO","PCT","E","21.5","P1Y","1999"
"A","OTO","PCT","E","20.9","P1Y","2000"
"A","OTO","PCT","E","20.299999","P1Y","2001"
"A","OTO","PCT","E","20","P1Y","2002"
"A","OTO","PCT","E","19.700001","P1Y","2003"
"A","OTO","PCT","E","19.299999","P1Y","2004"
"A","OTO","PCT","E","19","P1Y","2005"
"A","OTO","PCT","E","18.299999","P1Y","2006"
"A","OTO","PCT","E","18.200001","P1Y","2007"
"A","OTO","PCT","E","18","P1Y","2008"
"A","OTO","PCT","E","18.1","P1Y","2009"
"A","OTO","PCT","E","17.799999","P1Y","2010"
"A","OTO","PCT","E","17.700001","P1Y","2011"
"A","OTO","PCT","E","17.299999","P1Y","2012"
"A","OTO","PCT","E","17.1","P1Y","2013"
"A","OTO","PCT","E","16.799999","P1Y","2014"
"A","OTO","PCT","E","16.5","P1Y","2015"
"A","OTO","PCT","E","16.200001","P1Y","2016"
"A","OTO","PCT","E","16","P1Y","2017"
"A","OTO","PCT","E","15.9","P1Y","2018"
"A","OTO","PCT","E","15.8","P1Y","2019"
"A","CHL","PCT",,"22","P1Y","1964"
"A","CHL","PCT",,"21.6","P1Y","1970"
"A","CHL","PCT",,"28.700001","P1Y","1972"
"A","CHL","PCT",,"30.200001","P1Y","1975"
"A","CHL","PCT",,"28.700001","P1Y","1977"
"A","CHL","PCT",,"9.1999998","P1Y","1980"
"A","CHL","PCT",,"9.6000004","P1Y","1981"
"A","CHL","PCT",,"8.6999998","P1Y","1982"
"A","CHL","PCT",,"11.5","P1Y","1986"
"A","CHL","PCT",,"12","P1Y","1987"
"A","CHL","PCT",,"12","P1Y","1988"
"A","CHL","PCT",,"13.2","P1Y","1989"
"A","CHL","PCT",,"15.4","P1Y","1990"
"A","CHL","PCT",,"16.9","P1Y","1991"
"A","CHL","PCT",,"16.5","P1Y","1992"
"A","CHL","PCT",,"14.6","P1Y","1993"
"A","CHL","PCT",,"14.3","P1Y","1994"
"A","CHL","PCT",,"13.2","P1Y","1995"
"A","CHL","PCT",,"12","P1Y","1997"
"A","CHL","PCT",,"11.8","P1Y","1998"
"A","CHL","PCT",,"11.1","P1Y","1999"
"A","CHL","PCT",,"11.2","P1Y","2000"
"A","CHL","PCT",,"10.9","P1Y","2001"
"A","CHL","PCT",,"11.1","P1Y","2002"
"A","CHL","PCT",,"11.7","P1Y","2003"
"A","CHL","PCT",,"11.5","P1Y","2004"
"A","CHL","PCT",,"11.1","P1Y","2005"
"A","CHL","PCT",,"11.2","P1Y","2006"
"A","CHL","PCT",,"11.5","P1Y","2007"
"A","CHL","PCT",,"12.9","P1Y","2008"
"A","CHL","PCT",,"13.7","P1Y","2009"
"A","CHL","PCT",,"13.9","P1Y","2010"
"A","CHL","PCT",,"13.8","P1Y","2011"
"A","CHL","PCT",,"14.4","P1Y","2012"
"A","CHL","PCT",,"14.1","P1Y","2013"
"A","CHL","PCT",,"14.6","P1Y","2014"
"A","CHL","PCT",,"15.3","P1Y","2015"
"A","CHL","PCT",,"16.9","P1Y","2016"
"A","CHL","PCT",,"17","P1Y","2017"
"A","CHL","PCT",,"16.6","P1Y","2018"
"A","COL","PCT",,"13.3","P1Y","1992"
"A","COL","PCT",,"11.8","P1Y","1994"
"A","COL","PCT",,"12.6","P1Y","1996"
"A","COL","PCT",,"12.2","P1Y","1998"
"A","COL","PCT",,"12.3","P1Y","2000"
"A","COL","PCT",,"10.9","P1Y","2002"
"A","COL","PCT",,"10.5","P1Y","2004"
"A","COL","PCT",,"9.6000004","P1Y","2005"
"A","COL","PCT",,"9.6000004","P1Y","2006"
"A","COL","PCT",,"9.6000004","P1Y","2008"
"A","COL","PCT",,"9.3999996","P1Y","2009"
"A","COL","PCT",,"9.1999998","P1Y","2010"
"A","COL","PCT",,"9.1000004","P1Y","2011"
"A","COL","PCT",,"9.1000004","P1Y","2012"
"A","COL","PCT",,"9.6999998","P1Y","2013"
"A","COL","PCT",,"9.6000004","P1Y","2014"
"A","COL","PCT",,"9.3999996","P1Y","2015"
"A","COL","PCT",,"9.5","P1Y","2016"
"A","COL","PCT",,"9.5","P1Y","2017"
"A","CRI","PCT",,"20.299999","P1Y","1990"
"A","CRI","PCT",,"20.9","P1Y","1991"
"A","CRI","PCT",,"20.1","P1Y","1992"
"A","CRI","PCT",,"18.799999","P1Y","1993"
"A","CRI","PCT",,"18.799999","P1Y","1994"
"A","CRI","PCT",,"18.9","P1Y","1995"
"A","CRI","PCT",,"18.5","P1Y","1996"
"A","CRI","PCT",,"16.1","P1Y","1997"
"A","CRI","PCT",,"13.2","P1Y","1998"
"A","CRI","PCT",,"15.3","P1Y","1999"
"A","CRI","PCT",,"14.3","P1Y","2000"
"A","CRI","PCT",,"13.5","P1Y","2001"
"A","CRI","PCT",,"14.3","P1Y","2002"
"A","CRI","PCT",,"14.5","P1Y","2003"
"A","CRI","PCT",,"13.9","P1Y","2004"
"A","CRI","PCT",,"13.3","P1Y","2005"
"A","CRI","PCT",,"12.9","P1Y","2006"
"A","CRI","PCT",,"11.5","P1Y","2007"
"A","CRI","PCT",,"12","P1Y","2008"
"A","CRI","PCT",,"13","P1Y","2009"
"A","CRI","PCT",,"12.9","P1Y","2010"
"A","CRI","PCT",,"13.4","P1Y","2011"
"A","CRI","PCT",,"13.1","P1Y","2012"
"A","CRI","PCT",,"13.7","P1Y","2013"
"A","CRI","PCT",,"12.4","P1Y","2014"
"A","CRI","PCT",,"18.6","P1Y","2015"
"A","CRI","PCT",,"19.299999","P1Y","2016"
"A","CRI","PCT",,"19.299999","P1Y","2017"
"A","CRI","PCT",,"19.4","P1Y","2018"
"A","CRI","PCT",,"20.5","P1Y","2019"
"A","EST","PCT",,"93.900002","P1Y","1992"
"A","EST","PCT",,"62.099998","P1Y","1993"
"A","EST","PCT",,"40.799999","P1Y","1994"
"A","EST","PCT",,"32.400002","P1Y","1995"
"A","EST","PCT",,"28.799999","P1Y","1996"
"A","EST","PCT",,"17.1","P1Y","1998"
"A","EST","PCT",,"14","P1Y","2000"
"A","EST","PCT",,"14","P1Y","2001"
"A","EST","PCT",,"12.6","P1Y","2002"
"A","EST","PCT",,"11","P1Y","2003"
"A","EST","PCT",,"9.3999996","P1Y","2004"
"A","EST","PCT",,"8.6999998","P1Y","2005"
"A","EST","PCT",,"8.3999996","P1Y","2006"
"A","EST","PCT",,"7.5999999","P1Y","2007"
"A","EST","PCT",,"6.1999998","P1Y","2008"
"A","EST","PCT",,"7.5999999","P1Y","2009"
"A","EST","PCT",,"8.1999998","P1Y","2010"
"A","EST","PCT",,"7","P1Y","2011"
"A","EST","PCT",,"6","P1Y","2012"
"A","EST","PCT",,"5.5999999","P1Y","2013"
"A","EST","PCT",,"5.3000002","P1Y","2014"
"A","EST","PCT",,"4.5","P1Y","2015"
"A","EST","PCT",,"5","P1Y","2016"
"A","EST","PCT",,"4.6999998","P1Y","2017"
"A","EST","PCT",,"5.9000001","P1Y","2018"
"A","EST","PCT",,"6","P1Y","2019"
"A","ISR","PCT",,"56.200001","P1Y","1995"
"A","ISR","PCT",,"48.799999","P1Y","1996"
"A","ISR","PCT",,"37.700001","P1Y","2000"
"A","ISR","PCT",,"30.299999","P1Y","2007"
"A","ISR","PCT",,"22.799999","P1Y","2012"
"A","ISR","PCT",,"25","P1Y","2017"
"A","LVA","PCT",,"28","P1Y","1995"
"A","LVA","PCT",,"21","P1Y","2003"
"A","LVA","PCT",,"18","P1Y","2006"
"A","LVA","PCT",,"16.700001","P1Y","2007"
"A","LVA","PCT",,"15.2","P1Y","2008"
"A","LVA","PCT",,"15.2","P1Y","2009"
"A","LVA","PCT",,"15.1","P1Y","2010"
"A","LVA","PCT",,"13.7","P1Y","2011"
"A","LVA","PCT",,"13.2","P1Y","2012"
"A","LVA","PCT",,"12.9","P1Y","2013"
"A","LVA","PCT",,"12.8","P1Y","2014"
"A","LVA","PCT",,"12.7","P1Y","2015"
"A","LVA","PCT",,"12.4","P1Y","2016"
"A","LVA","PCT",,"12.3","P1Y","2017"
"A","LVA","PCT",,"11.6","P1Y","2018"
"A","LTU","PCT",,"33.299999","P1Y","1995"
"A","LTU","PCT",,"18.6","P1Y","1999"
"A","LTU","PCT",,"18.5","P1Y","2001"
"A","LTU","PCT",,"12.2","P1Y","2003"
"A","LTU","PCT",,"9.8000002","P1Y","2006"
"A","LTU","PCT",,"9.3000002","P1Y","2007"
"A","LTU","PCT",,"8.8999996","P1Y","2008"
"A","LTU","PCT",,"10","P1Y","2009"
"A","LTU","PCT",,"10.1","P1Y","2010"
"A","LTU","PCT",,"9.6999998","P1Y","2011"
"A","LTU","PCT",,"9","P1Y","2012"
"A","LTU","PCT",,"8.3999996","P1Y","2013"
"A","LTU","PCT",,"8.1000004","P1Y","2014"
"A","LTU","PCT",,"7.9000001","P1Y","2015"
"A","LTU","PCT",,"7.6999998","P1Y","2016"
"A","LTU","PCT",,"7.6999998","P1Y","2017"
"A","LTU","PCT",,"7.0999999","P1Y","2018"
"A","LTU","PCT",,"7.4000001","P1Y","2019"
"A","SVN","PCT",,"68.400002","P1Y","1991"
"A","SVN","PCT",,"67.900002","P1Y","1992"
"A","SVN","PCT",,"58.599998","P1Y","1993"
"A","SVN","PCT",,"57.900002","P1Y","1994"
"A","SVN","PCT",,"51.599998","P1Y","1995"
"A","SVN","PCT",,"50.200001","P1Y","1996"
"A","SVN","PCT",,"45.200001","P1Y","1997"
"A","SVN","PCT",,"43.5","P1Y","1998"
"A","SVN","PCT",,"42.099998","P1Y","1999"
"A","SVN","PCT",,"44.200001","P1Y","2000"
"A","SVN","PCT",,"43.299999","P1Y","2001"
"A","SVN","PCT",,"47.099998","P1Y","2002"
"A","SVN","PCT",,"45.299999","P1Y","2003"
"A","SVN","PCT",,"37.099998","P1Y","2004"
"A","SVN","PCT",,"37.5","P1Y","2005"
"A","SVN","PCT",,"32.200001","P1Y","2006"
"A","SVN","PCT",,"30.6","P1Y","2007"
"A","SVN","PCT",,"29.700001","P1Y","2008"
"A","SVN","PCT",,"40.400002","P1Y","2009"
"A","SVN","PCT",,"32.599998","P1Y","2010"
"A","SVN","PCT",,"36.700001","P1Y","2011"
"A","SVN","PCT",,"26.799999","P1Y","2012"
"A","SVN","PCT",,"26.200001","P1Y","2013"
"A","SVN","PCT",,"29.4","P1Y","2014"
"A","SVN","PCT",,"23.799999","P1Y","2015"
