country;year;date;party_abbr;party_name;parlgov_id;pr_ingov_mean;pr_ingov_lower;pr_ingov_upper;excluding;excluding_parlgov_id
germany;1953;20.10.1953;CDU+CSU;Christian Democratic Union | Christian Social Union;1727;0,563398;0,475262;0,646541;DP;912
germany;1953;20.10.1953;CDU+CSU;Christian Democratic Union | Christian Social Union;1727;0,733807;0,694121;0,774802;DZ;137
germany;1953;20.10.1953;CDU+CSU;Christian Democratic Union | Christian Social Union;1727;0,393417;0,297422;0,501275;FDP;543
germany;1953;20.10.1953;CDU+CSU;Christian Democratic Union | Christian Social Union;1727;0,254187;0,177001;0,343234;"FDP; GB/BHE; DP";"543; 1507; 912"
germany;1953;20.10.1953;CDU+CSU;Christian Democratic Union | Christian Social Union;1727;0,87826;0,855759;0,89861;GB/BHE;1507
germany;1953;20.10.1953;CDU+CSU;Christian Democratic Union | Christian Social Union;1727;0,794745;0,742832;0,838314;SPD;558
germany;1953;20.10.1953;CDU+CSU;Christian Democratic Union | Christian Social Union;1727;0,968841;0,95179;0,981248;;
germany;1953;20.10.1953;DP;German Party;912;0,010876;0,005962;0,017847;CDU+CSU;1727
germany;1953;20.10.1953;DP;German Party;912;0,370364;0,289712;0,459417;DZ;137
germany;1953;20.10.1953;DP;German Party;912;0,101631;0,080531;0,125343;FDP;543
germany;1953;20.10.1953;DP;German Party;912;0,002978;0,001646;0,004809;"FDP; GB/BHE; CDU+CSU";"543; 1507; 1727"
germany;1953;20.10.1953;DP;German Party;912;0,386984;0,30507;0,476746;GB/BHE;1507
germany;1953;20.10.1953;DP;German Party;912;0,378492;0,295754;0,46825;SPD;558
germany;1953;20.10.1953;DP;German Party;912;0,416319;0,332169;0,507133;;
germany;1953;20.10.1953;DZ;Centre Party;137;0,012747;0,007646;0,019677;CDU+CSU;1727
germany;1953;20.10.1953;DZ;Centre Party;137;0,201825;0,164391;0,242297;DP;912
germany;1953;20.10.1953;DZ;Centre Party;137;0,158443;0,115232;0,204312;FDP;543
germany;1953;20.10.1953;DZ;Centre Party;137;0,219351;0,181795;0,26058;GB/BHE;1507
germany;1953;20.10.1953;DZ;Centre Party;137;0,19353;0,155991;0,234843;SPD;558
germany;1953;20.10.1953;DZ;Centre Party;137;0,24778;0,207156;0,29061;;
germany;1953;20.10.1953;FDP;Free Democratic Party;543;0,02094;0,01188;0,034106;CDU+CSU;1727
germany;1953;20.10.1953;FDP;Free Democratic Party;543;0,281676;0,237686;0,329163;DP;912
germany;1953;20.10.1953;FDP;Free Democratic Party;543;0,507028;0,412446;0,594022;DZ;137
germany;1953;20.10.1953;FDP;Free Democratic Party;543;0,557657;0,455582;0,648859;GB/BHE;1507
germany;1953;20.10.1953;FDP;Free Democratic Party;543;0,012782;0,007245;0,020579;"GB/BHE; DP; CDU+CSU";"1507; 912; 1727"
germany;1953;20.10.1953;FDP;Free Democratic Party;543;0,502853;0,404813;0,597258;SPD;558
germany;1953;20.10.1953;FDP;Free Democratic Party;543;0,596364;0,48775;0,693572;;
germany;1953;20.10.1953;GB/BHE;All-German Bloc | League of Expellees and Deprived of Rights;1507;0,007814;0,004737;0,012173;CDU+CSU;1727
germany;1953;20.10.1953;GB/BHE;All-German Bloc | League of Expellees and Deprived of Rights;1507;0,06906;0,055305;0,084163;DP;912
germany;1953;20.10.1953;GB/BHE;All-German Bloc | League of Expellees and Deprived of Rights;1507;0,069966;0,057442;0,083929;DZ;137
germany;1953;20.10.1953;GB/BHE;All-German Bloc | League of Expellees and Deprived of Rights;1507;0,059688;0,044517;0,07716;FDP;543
germany;1953;20.10.1953;GB/BHE;All-German Bloc | League of Expellees and Deprived of Rights;1507;0,001886;0,001103;0,003103;"FDP; DP; CDU+CSU";"543; 912; 1727"
germany;1953;20.10.1953;GB/BHE;All-German Bloc | League of Expellees and Deprived of Rights;1507;0,074967;0,061257;0,09082;SPD;558
germany;1953;20.10.1953;GB/BHE;All-German Bloc | League of Expellees and Deprived of Rights;1507;0,098395;0,080963;0,116926;;
germany;1953;20.10.1953;SPD;Social Democratic Party of Germany;558;0,015526;0,009084;0,024844;CDU+CSU;1727
germany;1953;20.10.1953;SPD;Social Democratic Party of Germany;558;0,151794;0,113557;0,196082;DP;912
germany;1953;20.10.1953;SPD;Social Democratic Party of Germany;558;0,135371;0,102273;0,173651;DZ;137
germany;1953;20.10.1953;SPD;Social Democratic Party of Germany;558;0,096109;0,065556;0,134578;FDP;543
germany;1953;20.10.1953;SPD;Social Democratic Party of Germany;558;0,166193;0,126529;0,211461;GB/BHE;1507
germany;1953;20.10.1953;SPD;Social Democratic Party of Germany;558;0,189621;0,144073;0,242101;;
germany;1955;15.07.1955;CDU+CSU;Christian Democratic Union | Christian Social Union;1727;0,662584;0,545413;0,777654;DP;912
germany;1955;15.07.1955;CDU+CSU;Christian Democratic Union | Christian Social Union;1727;0,56929;0,425571;0,712263;"DP; FDP";"912; 543"
germany;1955;15.07.1955;CDU+CSU;Christian Democratic Union | Christian Social Union;1727;0,714224;0,635026;0,795093;DZ;137
germany;1955;15.07.1955;CDU+CSU;Christian Democratic Union | Christian Social Union;1727;0,662814;0,547153;0,776872;FDP;543
germany;1955;15.07.1955;CDU+CSU;Christian Democratic Union | Christian Social Union;1727;0,710875;0,607059;0,813273;GB/BHE;1507
germany;1955;15.07.1955;CDU+CSU;Christian Democratic Union | Christian Social Union;1727;0,80633;0,738918;0,868709;SPD;558
germany;1955;15.07.1955;CDU+CSU;Christian Democratic Union | Christian Social Union;1727;0,905866;0,858693;0,944444;;
germany;1955;15.07.1955;DP;German Party;912;0,046642;0,024909;0,075224;CDU+CSU;1727
germany;1955;15.07.1955;DP;German Party;912;0,028391;0,015909;0,044424;"CDU+CSU; FDP";"1727; 543"
germany;1955;15.07.1955;DP;German Party;912;0,194507;0,120329;0,270108;DZ;137
germany;1955;15.07.1955;DP;German Party;912;0,121916;0,083116;0,161211;FDP;543
germany;1955;15.07.1955;DP;German Party;912;0,126937;0,085676;0,168521;GB/BHE;1507
germany;1955;15.07.1955;DP;German Party;912;0,241107;0,155373;0,330259;SPD;558
germany;1955;15.07.1955;DP;German Party;912;0,289924;0,187969;0,394143;;
germany;1955;15.07.1955;DZ;Centre Party;137;0,048753;0,029777;0,072057;CDU+CSU;1727
germany;1955;15.07.1955;DZ;Centre Party;137;0,144978;0,107973;0,184006;DP;912
germany;1955;15.07.1955;DZ;Centre Party;137;0,145115;0,107936;0,183941;FDP;543
germany;1955;15.07.1955;DZ;Centre Party;137;0,176182;0,130509;0,223728;GB/BHE;1507
germany;1955;15.07.1955;DZ;Centre Party;137;0,177054;0,12921;0,227867;SPD;558
germany;1955;15.07.1955;DZ;Centre Party;137;0,240394;0,17537;0,305015;;
germany;1955;15.07.1955;FDP;Free Democratic Party;543;0,046345;0,025524;0,072652;CDU+CSU;1727
germany;1955;15.07.1955;FDP;Free Democratic Party;543;0,121389;0,084079;0,157873;DP;912
germany;1955;15.07.1955;FDP;Free Democratic Party;543;0,028095;0,016496;0,042495;"DP; CDU+CSU";"912; 1727"
germany;1955;15.07.1955;FDP;Free Democratic Party;543;0,194118;0,121785;0,268072;DZ;137
germany;1955;15.07.1955;FDP;Free Democratic Party;543;0,145848;0,099776;0,192829;GB/BHE;1507
germany;1955;15.07.1955;FDP;Free Democratic Party;543;0,221669;0,142286;0,305473;SPD;558
germany;1955;15.07.1955;FDP;Free Democratic Party;543;0,289397;0,18841;0,391618;;
germany;1955;15.07.1955;GB/BHE;All-German Bloc | League of Expellees and Deprived of Rights;1507;0,03525;0,019156;0,055511;CDU+CSU;1727
germany;1955;15.07.1955;GB/BHE;All-German Bloc | League of Expellees and Deprived of Rights;1507;0,067253;0,045165;0,087594;DP;912
germany;1955;15.07.1955;GB/BHE;All-German Bloc | League of Expellees and Deprived of Rights;1507;0,166027;0,102729;0,229765;DZ;137
germany;1955;15.07.1955;GB/BHE;All-German Bloc | League of Expellees and Deprived of Rights;1507;0,086691;0,058136;0,112843;FDP;543
germany;1955;15.07.1955;GB/BHE;All-German Bloc | League of Expellees and Deprived of Rights;1507;0,197799;0,125158;0,270105;SPD;558
germany;1955;15.07.1955;GB/BHE;All-German Bloc | League of Expellees and Deprived of Rights;1507;0,23024;0,14802;0,311802;;
germany;1955;15.07.1955;SPD;Social Democratic Party of Germany;558;0,034233;0,020953;0,050993;CDU+CSU;1727
germany;1955;15.07.1955;SPD;Social Democratic Party of Germany;558;0,084952;0,060266;0,107191;DP;912
germany;1955;15.07.1955;SPD;Social Democratic Party of Germany;558;0,070429;0,048551;0,090697;DZ;137
germany;1955;15.07.1955;SPD;Social Democratic Party of Germany;558;0,066041;0,046817;0,085225;FDP;543
germany;1955;15.07.1955;SPD;Social Democratic Party of Germany;558;0,101328;0,071958;0,128614;GB/BHE;1507
germany;1955;15.07.1955;SPD;Social Democratic Party of Germany;558;0,133769;0,092922;0,172603;;
germany;1956;24.02.1956;CDU+CSU;Christian Democratic Union | Christian Social Union;1727;0,572042;0,472208;0,682013;DP;912
germany;1956;24.02.1956;CDU+CSU;Christian Democratic Union | Christian Social Union;1727;0,641717;0,573825;0,716934;DZ;137
germany;1956;24.02.1956;CDU+CSU;Christian Democratic Union | Christian Social Union;1727;0,548772;0,447379;0,661278;FDP;543
germany;1956;24.02.1956;CDU+CSU;Christian Democratic Union | Christian Social Union;1727;0,671884;0,606187;0,742526;FVP;358
germany;1956;24.02.1956;CDU+CSU;Christian Democratic Union | Christian Social Union;1727;0,449084;0,339955;0,575836;"FVP; DP";"358; 912"
germany;1956;24.02.1956;CDU+CSU;Christian Democratic Union | Christian Social Union;1727;0,750479;0,688903;0,813163;GB/BHE;1507
germany;1956;24.02.1956;CDU+CSU;Christian Democratic Union | Christian Social Union;1727;0,734914;0,672956;0,79826;SPD;558
germany;1956;24.02.1956;CDU+CSU;Christian Democratic Union | Christian Social Union;1727;0,870468;0,818165;0,913011;;
germany;1956;24.02.1956;DP;German Party;912;0,054522;0,033246;0,082015;CDU+CSU;1727
germany;1956;24.02.1956;DP;German Party;912;0,238547;0,169237;0,306591;DZ;137
germany;1956;24.02.1956;DP;German Party;912;0,131741;0,100414;0,157796;FDP;543
germany;1956;24.02.1956;DP;German Party;912;0,253766;0,182844;0,324242;FVP;358
germany;1956;24.02.1956;DP;German Party;912;0,030966;0,018374;0,047264;"FVP; CDU+CSU";"358; 1727"
germany;1956;24.02.1956;DP;German Party;912;0,272655;0,197719;0,343788;GB/BHE;1507
germany;1956;24.02.1956;DP;German Party;912;0,285526;0,207417;0,359267;SPD;558
germany;1956;24.02.1956;DP;German Party;912;0,352948;0,257456;0,440357;;
germany;1956;24.02.1956;DZ;Centre Party;137;0,062604;0,041572;0,089548;CDU+CSU;1727
germany;1956;24.02.1956;DZ;Centre Party;137;0,176954;0,143255;0,209583;DP;912
germany;1956;24.02.1956;DZ;Centre Party;137;0,161877;0,131261;0,191453;FDP;543
germany;1956;24.02.1956;DZ;Centre Party;137;0,163374;0,131558;0,191225;FVP;358
germany;1956;24.02.1956;DZ;Centre Party;137;0,21432;0,174619;0,251706;GB/BHE;1507
germany;1956;24.02.1956;DZ;Centre Party;137;0,204221;0,165559;0,239236;SPD;558
germany;1956;24.02.1956;DZ;Centre Party;137;0,291355;0,232196;0,340221;;
germany;1956;24.02.1956;FDP;Free Democratic Party;543;0,068306;0,042687;0,100119;CDU+CSU;1727
germany;1956;24.02.1956;FDP;Free Democratic Party;543;0,168794;0,131352;0,201941;DP;912
germany;1956;24.02.1956;FDP;Free Democratic Party;543;0,260524;0,18811;0,332359;DZ;137
germany;1956;24.02.1956;FDP;Free Democratic Party;543;0,253721;0,182892;0,32395;FVP;358
germany;1956;24.02.1956;FDP;Free Democratic Party;543;0,322469;0,24171;0,40189;GB/BHE;1507
germany;1956;24.02.1956;FDP;Free Democratic Party;543;0,297262;0,218373;0,374404;SPD;558
germany;1956;24.02.1956;FDP;Free Democratic Party;543;0,390002;0,290347;0,482251;;
germany;1956;24.02.1956;FVP;Free People's Party;358;0,066943;0,045023;0,094744;CDU+CSU;1727
germany;1956;24.02.1956;FVP;Free People's Party;358;0,043386;0,029723;0,059977;"CDU+CSU; DP";"1727; 912"
germany;1956;24.02.1956;FVP;Free People's Party;358;0,166344;0,13396;0,19611;DP;912
germany;1956;24.02.1956;FVP;Free People's Party;358;0,137545;0,108852;0,162609;DZ;137
germany;1956;24.02.1956;FVP;Free People's Party;358;0,129245;0,102969;0,153655;FDP;543
germany;1956;24.02.1956;FVP;Free People's Party;358;0,198749;0,159728;0,233796;GB/BHE;1507
germany;1956;24.02.1956;FVP;Free People's Party;358;0,173865;0,139122;0,203819;SPD;558
germany;1956;24.02.1956;FVP;Free People's Party;358;0,265526;0,209843;0,31193;;
germany;1956;24.02.1956;GB/BHE;All-German Bloc | League of Expellees and Deprived of Rights;1507;0,038963;0,025148;0,056941;CDU+CSU;1727
germany;1956;24.02.1956;GB/BHE;All-German Bloc | League of Expellees and Deprived of Rights;1507;0,078659;0,059959;0,097654;DP;912
germany;1956;24.02.1956;GB/BHE;All-German Bloc | League of Expellees and Deprived of Rights;1507;0,081918;0,061023;0,101799;DZ;137
germany;1956;24.02.1956;GB/BHE;All-German Bloc | League of Expellees and Deprived of Rights;1507;0,09142;0,070462;0,110851;FDP;543
germany;1956;24.02.1956;GB/BHE;All-German Bloc | League of Expellees and Deprived of Rights;1507;0,092176;0,069819;0,112238;FVP;358
germany;1956;24.02.1956;GB/BHE;All-German Bloc | League of Expellees and Deprived of Rights;1507;0,113691;0,086976;0,136831;SPD;558
germany;1956;24.02.1956;GB/BHE;All-German Bloc | League of Expellees and Deprived of Rights;1507;0,158952;0,119322;0,197193;;
germany;1956;24.02.1956;SPD;Social Democratic Party of Germany;558;0,048078;0,031682;0,069031;CDU+CSU;1727
germany;1956;24.02.1956;SPD;Social Democratic Party of Germany;558;0,11621;0,092048;0,138194;DP;912
germany;1956;24.02.1956;SPD;Social Democratic Party of Germany;558;0,096498;0,073873;0,116758;DZ;137
germany;1956;24.02.1956;SPD;Social Democratic Party of Germany;558;0,090893;0,070767;0,110603;FDP;543
germany;1956;24.02.1956;SPD;Social Democratic Party of Germany;558;0,091971;0,070367;0,111767;FVP;358
germany;1956;24.02.1956;SPD;Social Democratic Party of Germany;558;0,13837;0,108379;0,163986;GB/BHE;1507
germany;1956;24.02.1956;SPD;Social Democratic Party of Germany;558;0,183632;0,140719;0,22341;;
germany;1957;24.10.1957;CDU+CSU;Christian Democratic Union | Christian Social Union;1727;0,675424;0,533547;0,800028;DP;912
germany;1957;24.10.1957;CDU+CSU;Christian Democratic Union | Christian Social Union;1727;0,668714;0,530902;0,790723;FDP;543
germany;1957;24.10.1957;CDU+CSU;Christian Democratic Union | Christian Social Union;1727;0,925406;0,89346;0,951421;SPD;558
germany;1957;24.10.1957;CDU+CSU;Christian Democratic Union | Christian Social Union;1727;0,966475;0,945929;0,980997;;
germany;1957;24.10.1957;DP;German Party;912;0,015363;0,007302;0,027055;CDU+CSU;1727
germany;1957;24.10.1957;DP;German Party;912;0,048483;0,029531;0,071242;FDP;543
germany;1957;24.10.1957;DP;German Party;912;0,292435;0,180322;0,423177;SPD;558
germany;1957;24.10.1957;DP;German Party;912;0,306414;0,189059;0,442539;;
germany;1957;24.10.1957;FDP;Free Democratic Party;543;0,021733;0,012546;0,03425;CDU+CSU;1727
germany;1957;24.10.1957;FDP;Free Democratic Party;543;0,061562;0,041817;0,084782;DP;912
germany;1957;24.10.1957;FDP;Free Democratic Party;543;0,291172;0,182198;0,41674;SPD;558
germany;1957;24.10.1957;FDP;Free Democratic Party;543;0,319494;0,202006;0,454268;;
germany;1957;24.10.1957;SPD;Social Democratic Party of Germany;558;0,018992;0,011541;0,028275;CDU+CSU;1727
germany;1957;24.10.1957;SPD;Social Democratic Party of Germany;558;0,046081;0,030563;0,062959;DP;912
germany;1957;24.10.1957;SPD;Social Democratic Party of Germany;558;0,031739;0,020879;0,0436;FDP;543
germany;1957;24.10.1957;SPD;Social Democratic Party of Germany;558;0,06006;0,039402;0,083057;;
germany;1960;01.07.1960;CDU+CSU;Christian Democratic Union | Christian Social Union;1727;0,559078;0,405638;0,701323;DP;912
germany;1960;01.07.1960;CDU+CSU;Christian Democratic Union | Christian Social Union;1727;0,919568;0,890941;0,944753;FDP;543
germany;1960;01.07.1960;CDU+CSU;Christian Democratic Union | Christian Social Union;1727;0,938753;0,915311;0,958402;SPD;558
germany;1960;01.07.1960;CDU+CSU;Christian Democratic Union | Christian Social Union;1727;0,972486;0,956452;0,983975;;
germany;1960;01.07.1960;DP;German Party;912;0,012595;0,006214;0,021539;CDU+CSU;1727
germany;1960;01.07.1960;DP;German Party;912;0,405758;0,272866;0,550211;FDP;543
germany;1960;01.07.1960;DP;German Party;912;0,414523;0,278868;0,562795;SPD;558
germany;1960;01.07.1960;DP;German Party;912;0,426004;0,285726;0,577239;;
germany;1960;01.07.1960;FDP;Free Democratic Party;543;0,01783;0,010597;0,027569;CDU+CSU;1727
germany;1960;01.07.1960;FDP;Free Democratic Party;543;0,050502;0,035858;0,067011;DP;912
germany;1960;01.07.1960;FDP;Free Democratic Party;543;0,047501;0,032925;0,064227;SPD;558
germany;1960;01.07.1960;FDP;Free Democratic Party;543;0,070748;0,04897;0,094937;;
germany;1960;01.07.1960;SPD;Social Democratic Party of Germany;558;0,015598;0,009712;0,02286;CDU+CSU;1727
germany;1960;01.07.1960;SPD;Social Democratic Party of Germany;558;0,037851;0,026884;0,050227;DP;912
germany;1960;01.07.1960;SPD;Social Democratic Party of Germany;558;0,026084;0,018213;0,035348;FDP;543
germany;1960;01.07.1960;SPD;Social Democratic Party of Germany;558;0,049332;0,034062;0,066543;;
germany;1961;14.11.1961;CDU+CSU;Christian Democratic Union | Christian Social Union;1727;0,684635;0,561652;0,790959;FDP;543
germany;1961;14.11.1961;CDU+CSU;Christian Democratic Union | Christian Social Union;1727;0,841951;0,780445;0,899103;SPD;558
germany;1961;14.11.1961;CDU+CSU;Christian Democratic Union | Christian Social Union;1727;0,878975;0,822111;0,926099;;
germany;1961;14.11.1961;FDP;Free Democratic Party;543;0,118916;0,071557;0,175728;CDU+CSU;1727
germany;1961;14.11.1961;FDP;Free Democratic Party;543;0,200348;0,129596;0,282631;SPD;558
germany;1961;14.11.1961;FDP;Free Democratic Party;543;0,313257;0,204985;0,437093;;
germany;1961;14.11.1961;SPD;Social Democratic Party of Germany;558;0,115017;0,069551;0,1719;CDU+CSU;1727
germany;1961;14.11.1961;SPD;Social Democratic Party of Germany;558;0,039133;0,025576;0,055562;FDP;543
germany;1961;14.11.1961;SPD;Social Democratic Party of Germany;558;0,152041;0,097722;0,213582;;
germany;1963;16.10.1963;CDU+CSU;Christian Democratic Union | Christian Social Union;1727;0,027024;0,015056;0,044538;FDP;543
germany;1963;16.10.1963;CDU+CSU;Christian Democratic Union | Christian Social Union;1727;0,948041;0,92475;0,96512;SPD;558
germany;1963;16.10.1963;CDU+CSU;Christian Democratic Union | Christian Social Union;1727;0,960275;0,939567;0,974481;;
germany;1963;16.10.1963;FDP;Free Democratic Party;543;0,039018;0,025051;0,059276;CDU+CSU;1727
germany;1963;16.10.1963;FDP;Free Democratic Party;543;0,935263;0,906321;0,956209;SPD;558
germany;1963;16.10.1963;FDP;Free Democratic Party;543;0,97227;0,954591;0,984497;;
germany;1963;16.10.1963;SPD;Social Democratic Party of Germany;558;0,037713;0,024084;0,056884;CDU+CSU;1727
germany;1963;16.10.1963;SPD;Social Democratic Party of Germany;558;0,012941;0,007155;0,020534;FDP;543
germany;1963;16.10.1963;SPD;Social Democratic Party of Germany;558;0,049948;0,0334;0,072274;;
germany;1965;26.10.1965;CDU+CSU;Christian Democratic Union | Christian Social Union;1727;0,027024;0,015056;0,044538;FDP;543
germany;1965;26.10.1965;CDU+CSU;Christian Democratic Union | Christian Social Union;1727;0,948041;0,92475;0,96512;SPD;558
germany;1965;26.10.1965;CDU+CSU;Christian Democratic Union | Christian Social Union;1727;0,960275;0,939567;0,974481;;
germany;1965;26.10.1965;FDP;Free Democratic Party;543;0,039018;0,025051;0,059276;CDU+CSU;1727
germany;1965;26.10.1965;FDP;Free Democratic Party;543;0,935263;0,906321;0,956209;SPD;558
germany;1965;26.10.1965;FDP;Free Democratic Party;543;0,97227;0,954591;0,984497;;
germany;1965;26.10.1965;SPD;Social Democratic Party of Germany;558;0,037713;0,024084;0,056884;CDU+CSU;1727
germany;1965;26.10.1965;SPD;Social Democratic Party of Germany;558;0,012941;0,007155;0,020534;FDP;543
germany;1965;26.10.1965;SPD;Social Democratic Party of Germany;558;0,049948;0,0334;0,072274;;
germany;1966;01.12.1966;CDU+CSU;Christian Democratic Union | Christian Social Union;1727;0,027024;0,015056;0,044538;FDP;543
germany;1966;01.12.1966;CDU+CSU;Christian Democratic Union | Christian Social Union;1727;0,948041;0,92475;0,96512;SPD;558
germany;1966;01.12.1966;CDU+CSU;Christian Democratic Union | Christian Social Union;1727;0,960275;0,939567;0,974481;;
germany;1966;01.12.1966;FDP;Free Democratic Party;543;0,039018;0,025051;0,059276;CDU+CSU;1727
germany;1966;01.12.1966;FDP;Free Democratic Party;543;0,935263;0,906321;0,956209;SPD;558
germany;1966;01.12.1966;FDP;Free Democratic Party;543;0,97227;0,954591;0,984497;;
germany;1966;01.12.1966;SPD;Social Democratic Party of Germany;558;0,037713;0,024084;0,056884;CDU+CSU;1727
germany;1966;01.12.1966;SPD;Social Democratic Party of Germany;558;0,012941;0,007155;0,020534;FDP;543
germany;1966;01.12.1966;SPD;Social Democratic Party of Germany;558;0,049948;0,0334;0,072274;;
germany;1969;22.10.1969;CDU+CSU;Christian Democratic Union | Christian Social Union;1727;0,651454;0,533092;0,756342;FDP;543
germany;1969;22.10.1969;CDU+CSU;Christian Democratic Union | Christian Social Union;1727;0,263392;0,188435;0,346095;SPD;558
germany;1969;22.10.1969;CDU+CSU;Christian Democratic Union | Christian Social Union;1727;0,865704;0,806218;0,916137;;
germany;1969;22.10.1969;FDP;Free Democratic Party;543;0,131927;0,081876;0,191186;CDU+CSU;1727
germany;1969;22.10.1969;FDP;Free Democratic Party;543;0,221009;0,14897;0,302613;SPD;558
germany;1969;22.10.1969;FDP;Free Democratic Party;543;0,346177;0,241733;0,465019;;
germany;1969;22.10.1969;SPD;Social Democratic Party of Germany;558;0,127537;0,080419;0,184264;CDU+CSU;1727
germany;1969;22.10.1969;SPD;Social Democratic Party of Germany;558;0,604681;0,493455;0,71681;FDP;543
germany;1969;22.10.1969;SPD;Social Democratic Party of Germany;558;0,729849;0,642468;0,808792;;
germany;1972;15.12.1972;CDU+CSU;Christian Democratic Union | Christian Social Union;1727;0,012954;0,007196;0,020492;FDP;543
germany;1972;15.12.1972;CDU+CSU;Christian Democratic Union | Christian Social Union;1727;0,037398;0,024286;0,05541;SPD;558
germany;1972;15.12.1972;CDU+CSU;Christian Democratic Union | Christian Social Union;1727;0,049648;0,033047;0,071733;;
germany;1972;15.12.1972;FDP;Free Democratic Party;543;0,935486;0,906922;0,956361;CDU+CSU;1727
germany;1972;15.12.1972;FDP;Free Democratic Party;543;0,038675;0,025266;0,057085;SPD;558
germany;1972;15.12.1972;FDP;Free Democratic Party;543;0,97218;0,955703;0,984042;;
germany;1972;15.12.1972;SPD;Social Democratic Party of Germany;558;0,94837;0,925519;0,965135;CDU+CSU;1727
germany;1972;15.12.1972;SPD;Social Democratic Party of Germany;558;0,027116;0,015647;0,043411;FDP;543
germany;1972;15.12.1972;SPD;Social Democratic Party of Germany;558;0,96062;0,941934;0,974167;;
germany;1974;16.05.1974;CDU+CSU;Christian Democratic Union | Christian Social Union;1727;0,012954;0,007196;0,020492;FDP;543
germany;1974;16.05.1974;CDU+CSU;Christian Democratic Union | Christian Social Union;1727;0,037398;0,024286;0,05541;SPD;558
germany;1974;16.05.1974;CDU+CSU;Christian Democratic Union | Christian Social Union;1727;0,049648;0,033047;0,071733;;
germany;1974;16.05.1974;FDP;Free Democratic Party;543;0,935486;0,906922;0,956361;CDU+CSU;1727
germany;1974;16.05.1974;FDP;Free Democratic Party;543;0,038675;0,025266;0,057085;SPD;558
germany;1974;16.05.1974;FDP;Free Democratic Party;543;0,97218;0,955703;0,984042;;
germany;1974;16.05.1974;SPD;Social Democratic Party of Germany;558;0,94837;0,925519;0,965135;CDU+CSU;1727
germany;1974;16.05.1974;SPD;Social Democratic Party of Germany;558;0,027116;0,015647;0,043411;FDP;543
germany;1974;16.05.1974;SPD;Social Democratic Party of Germany;558;0,96062;0,941934;0,974167;;
germany;1976;15.12.1976;CDU+CSU;Christian Democratic Union | Christian Social Union;1727;0,043036;0,023302;0,072345;FDP;543
germany;1976;15.12.1976;CDU+CSU;Christian Democratic Union | Christian Social Union;1727;0,124433;0,080061;0,184112;SPD;558
germany;1976;15.12.1976;CDU+CSU;Christian Democratic Union | Christian Social Union;1727;0,143884;0,093537;0,212957;;
germany;1976;15.12.1976;FDP;Free Democratic Party;543;0,854987;0,78597;0,90553;CDU+CSU;1727
germany;1976;15.12.1976;FDP;Free Democratic Party;543;0,104029;0,068675;0,151841;SPD;558
germany;1976;15.12.1976;FDP;Free Democratic Party;543;0,955835;0,925421;0,975998;;
germany;1976;15.12.1976;SPD;Social Democratic Party of Germany;558;0,852935;0,782845;0,904058;CDU+CSU;1727
germany;1976;15.12.1976;SPD;Social Democratic Party of Germany;558;0,020579;0,011526;0,033378;FDP;543
germany;1976;15.12.1976;SPD;Social Democratic Party of Germany;558;0,872386;0,812438;0,91781;;
germany;1980;05.11.1980;CDU+CSU;Christian Democratic Union | Christian Social Union;1727;0,043036;0,023302;0,072345;FDP;543
germany;1980;05.11.1980;CDU+CSU;Christian Democratic Union | Christian Social Union;1727;0,124433;0,080061;0,184112;SPD;558
germany;1980;05.11.1980;CDU+CSU;Christian Democratic Union | Christian Social Union;1727;0,143884;0,093537;0,212957;;
germany;1980;05.11.1980;FDP;Free Democratic Party;543;0,854987;0,78597;0,90553;CDU+CSU;1727
germany;1980;05.11.1980;FDP;Free Democratic Party;543;0,104029;0,068675;0,151841;SPD;558
germany;1980;05.11.1980;FDP;Free Democratic Party;543;0,955835;0,925421;0,975998;;
germany;1980;05.11.1980;SPD;Social Democratic Party of Germany;558;0,852935;0,782845;0,904058;CDU+CSU;1727
germany;1980;05.11.1980;SPD;Social Democratic Party of Germany;558;0,020579;0,011526;0,033378;FDP;543
germany;1980;05.11.1980;SPD;Social Democratic Party of Germany;558;0,872386;0,812438;0,91781;;
germany;1982;01.10.1982;CDU+CSU;Christian Democratic Union | Christian Social Union;1727;0,043036;0,023302;0,072345;FDP;543
germany;1982;01.10.1982;CDU+CSU;Christian Democratic Union | Christian Social Union;1727;0,124433;0,080061;0,184112;SPD;558
germany;1982;01.10.1982;CDU+CSU;Christian Democratic Union | Christian Social Union;1727;0,143884;0,093537;0,212957;;
germany;1982;01.10.1982;FDP;Free Democratic Party;543;0,854987;0,78597;0,90553;CDU+CSU;1727
germany;1982;01.10.1982;FDP;Free Democratic Party;543;0,104029;0,068675;0,151841;SPD;558
germany;1982;01.10.1982;FDP;Free Democratic Party;543;0,955835;0,925421;0,975998;;
germany;1982;01.10.1982;SPD;Social Democratic Party of Germany;558;0,852935;0,782845;0,904058;CDU+CSU;1727
germany;1982;01.10.1982;SPD;Social Democratic Party of Germany;558;0,020579;0,011526;0,033378;FDP;543
germany;1982;01.10.1982;SPD;Social Democratic Party of Germany;558;0,872386;0,812438;0,91781;;
germany;1983;30.03.1983;B90/Gru;Alliance 90 / Greens -- Citizens' Movement;255;0,002368;0,001363;0,003899;CDU+CSU;1727
germany;1983;30.03.1983;B90/Gru;Alliance 90 / Greens -- Citizens' Movement;255;0,001039;0,000532;0,00178;FDP;543
germany;1983;30.03.1983;B90/Gru;Alliance 90 / Greens -- Citizens' Movement;255;0,001517;0,00091;0,002464;SPD;558
germany;1983;30.03.1983;B90/Gru;Alliance 90 / Greens -- Citizens' Movement;255;0,003854;0,002387;0,006057;;
germany;1983;30.03.1983;CDU+CSU;Christian Democratic Union | Christian Social Union;1727;0,988665;0,981904;0,993079;B90/Gru;255
germany;1983;30.03.1983;CDU+CSU;Christian Democratic Union | Christian Social Union;1727;0,028317;0,016314;0,04545;FDP;543
germany;1983;30.03.1983;CDU+CSU;Christian Democratic Union | Christian Social Union;1727;0,962941;0,946513;0,97519;SPD;558
germany;1983;30.03.1983;CDU+CSU;Christian Democratic Union | Christian Social Union;1727;0,99015;0,983978;0,994383;;
germany;1983;30.03.1983;FDP;Free Democratic Party;543;0,967929;0,949755;0,981025;B90/Gru;255
germany;1983;30.03.1983;FDP;Free Democratic Party;543;0,00891;0,005045;0,014389;CDU+CSU;1727
germany;1983;30.03.1983;FDP;Free Democratic Party;543;0,949601;0,925678;0,967134;SPD;558
germany;1983;30.03.1983;FDP;Free Democratic Party;543;0,970743;0,953287;0,983238;;
germany;1983;30.03.1983;SPD;Social Democratic Party of Germany;558;0,032408;0,021433;0,047332;B90/Gru;255
germany;1983;30.03.1983;SPD;Social Democratic Party of Germany;558;0,007536;0,004318;0,01235;CDU+CSU;1727
germany;1983;30.03.1983;SPD;Social Democratic Party of Germany;558;0,013603;0,007694;0,021286;FDP;543
germany;1983;30.03.1983;SPD;Social Democratic Party of Germany;558;0,034745;0,023196;0,050515;;
germany;1987;11.03.1987;B90/Gru;Alliance 90 / Greens -- Citizens' Movement;255;0,002368;0,001363;0,003899;CDU+CSU;1727
germany;1987;11.03.1987;B90/Gru;Alliance 90 / Greens -- Citizens' Movement;255;0,001039;0,000532;0,00178;FDP;543
germany;1987;11.03.1987;B90/Gru;Alliance 90 / Greens -- Citizens' Movement;255;0,001517;0,00091;0,002464;SPD;558
germany;1987;11.03.1987;B90/Gru;Alliance 90 / Greens -- Citizens' Movement;255;0,003854;0,002387;0,006057;;
germany;1987;11.03.1987;CDU+CSU;Christian Democratic Union | Christian Social Union;1727;0,988665;0,981904;0,993079;B90/Gru;255
germany;1987;11.03.1987;CDU+CSU;Christian Democratic Union | Christian Social Union;1727;0,028317;0,016314;0,04545;FDP;543
germany;1987;11.03.1987;CDU+CSU;Christian Democratic Union | Christian Social Union;1727;0,962941;0,946513;0,97519;SPD;558
germany;1987;11.03.1987;CDU+CSU;Christian Democratic Union | Christian Social Union;1727;0,99015;0,983978;0,994383;;
germany;1987;11.03.1987;FDP;Free Democratic Party;543;0,967929;0,949755;0,981025;B90/Gru;255
germany;1987;11.03.1987;FDP;Free Democratic Party;543;0,00891;0,005045;0,014389;CDU+CSU;1727
germany;1987;11.03.1987;FDP;Free Democratic Party;543;0,949601;0,925678;0,967134;SPD;558
germany;1987;11.03.1987;FDP;Free Democratic Party;543;0,970743;0,953287;0,983238;;
germany;1987;11.03.1987;SPD;Social Democratic Party of Germany;558;0,032408;0,021433;0,047332;B90/Gru;255
germany;1987;11.03.1987;SPD;Social Democratic Party of Germany;558;0,007536;0,004318;0,01235;CDU+CSU;1727
germany;1987;11.03.1987;SPD;Social Democratic Party of Germany;558;0,013603;0,007694;0,021286;FDP;543
germany;1987;11.03.1987;SPD;Social Democratic Party of Germany;558;0,034745;0,023196;0,050515;;
germany;1991;18.01.1991;B90/Gru;Alliance 90 / Greens -- Citizens' Movement;255;0,004237;0,002449;0,006858;CDU+CSU;1727
germany;1991;18.01.1991;B90/Gru;Alliance 90 / Greens -- Citizens' Movement;255;0,003314;0,001809;0,005438;FDP;543
germany;1991;18.01.1991;B90/Gru;Alliance 90 / Greens -- Citizens' Movement;255;0,013718;0,009016;0,02021;Li/PDS;791
germany;1991;18.01.1991;B90/Gru;Alliance 90 / Greens -- Citizens' Movement;255;0,006192;0,004198;0,008979;SPD;558
germany;1991;18.01.1991;B90/Gru;Alliance 90 / Greens -- Citizens' Movement;255;0,014455;0,009567;0,021102;;
germany;1991;18.01.1991;CDU+CSU;Christian Democratic Union | Christian Social Union;1727;0,976914;0,965577;0,985046;B90/Gru;255
germany;1991;18.01.1991;CDU+CSU;Christian Democratic Union | Christian Social Union;1727;0,029515;0,016976;0,046913;FDP;543
germany;1991;18.01.1991;CDU+CSU;Christian Democratic Union | Christian Social Union;1727;0,985647;0,977355;0,991303;Li/PDS;791
germany;1991;18.01.1991;CDU+CSU;Christian Democratic Union | Christian Social Union;1727;0,95427;0,934404;0,969846;SPD;558
germany;1991;18.01.1991;CDU+CSU;Christian Democratic Union | Christian Social Union;1727;0,987132;0,979064;0,992579;;
germany;1991;18.01.1991;FDP;Free Democratic Party;543;0,957142;0,93593;0,973305;B90/Gru;255
germany;1991;18.01.1991;FDP;Free Democratic Party;543;0,010666;0,005871;0,017122;CDU+CSU;1727
germany;1991;18.01.1991;FDP;Free Democratic Party;543;0,965971;0,946686;0,979832;Li/PDS;791
germany;1991;18.01.1991;FDP;Free Democratic Party;543;0,942098;0,915185;0,962322;SPD;558
germany;1991;18.01.1991;FDP;Free Democratic Party;543;0,968283;0,949893;0,981798;;
germany;1991;18.01.1991;Li/PDS;Party of Democratic Socialism | The Left;791;0,002403;0,001476;0,003753;B90/Gru;255
germany;1991;18.01.1991;Li/PDS;Party of Democratic Socialism | The Left;791;0,001654;0,00095;0,002708;CDU+CSU;1727
germany;1991;18.01.1991;Li/PDS;Party of Democratic Socialism | The Left;791;0,000828;0,000421;0,001482;FDP;543
germany;1991;18.01.1991;Li/PDS;Party of Democratic Socialism | The Left;791;0,001215;0,000707;0,001994;SPD;558
germany;1991;18.01.1991;Li/PDS;Party of Democratic Socialism | The Left;791;0,00314;0,001918;0,004935;;
germany;1991;18.01.1991;SPD;Social Democratic Party of Germany;558;0,033557;0,022364;0,048787;B90/Gru;255
germany;1991;18.01.1991;SPD;Social Democratic Party of Germany;558;0,008959;0,004994;0,014975;CDU+CSU;1727
germany;1991;18.01.1991;SPD;Social Democratic Party of Germany;558;0,015635;0,008928;0,024137;FDP;543
germany;1991;18.01.1991;SPD;Social Democratic Party of Germany;558;0,039895;0,026167;0,058236;Li/PDS;791
germany;1991;18.01.1991;SPD;Social Democratic Party of Germany;558;0,04182;0,027675;0,06021;;
germany;1994;17.11.1994;B90/Gru;Alliance 90 / Greens -- Citizens' Movement;255;0,037698;0,024251;0,057668;CDU+CSU;1727
germany;1994;17.11.1994;B90/Gru;Alliance 90 / Greens -- Citizens' Movement;255;0,037799;0,02292;0,058711;FDP;543
germany;1994;17.11.1994;B90/Gru;Alliance 90 / Greens -- Citizens' Movement;255;0,083822;0,055769;0,122264;Li/PDS;791
germany;1994;17.11.1994;B90/Gru;Alliance 90 / Greens -- Citizens' Movement;255;0,035354;0,02349;0,051337;SPD;558
germany;1994;17.11.1994;B90/Gru;Alliance 90 / Greens -- Citizens' Movement;255;0,086514;0,057598;0,125805;;
germany;1994;17.11.1994;CDU+CSU;Christian Democratic Union | Christian Social Union;1727;0,905409;0,863398;0,936138;B90/Gru;255
germany;1994;17.11.1994;CDU+CSU;Christian Democratic Union | Christian Social Union;1727;0,092728;0,059102;0,136835;FDP;543
germany;1994;17.11.1994;CDU+CSU;Christian Democratic Union | Christian Social Union;1727;0,951907;0,928032;0,969344;Li/PDS;791
germany;1994;17.11.1994;CDU+CSU;Christian Democratic Union | Christian Social Union;1727;0,893341;0,847179;0,928843;SPD;558
germany;1994;17.11.1994;CDU+CSU;Christian Democratic Union | Christian Social Union;1727;0,954224;0,930903;0,971138;;
germany;1994;17.11.1994;FDP;Free Democratic Party;543;0,848264;0,782407;0,899858;B90/Gru;255
germany;1994;17.11.1994;FDP;Free Democratic Party;543;0,035482;0,022822;0,054099;CDU+CSU;1727
germany;1994;17.11.1994;FDP;Free Democratic Party;543;0,895019;0,843436;0,932862;Li/PDS;791
germany;1994;17.11.1994;FDP;Free Democratic Party;543;0,843422;0,774781;0,896579;SPD;558
germany;1994;17.11.1994;FDP;Free Democratic Party;543;0,896979;0,847166;0,934688;;
germany;1994;17.11.1994;Li/PDS;Party of Democratic Socialism | The Left;791;0,001556;0,000929;0,002524;B90/Gru;255
germany;1994;17.11.1994;Li/PDS;Party of Democratic Socialism | The Left;791;0,00193;0,001071;0,003161;CDU+CSU;1727
germany;1994;17.11.1994;Li/PDS;Party of Democratic Socialism | The Left;791;0,002288;0,001263;0,003638;FDP;543
germany;1994;17.11.1994;Li/PDS;Party of Democratic Socialism | The Left;791;0,002093;0,001274;0,003344;SPD;558
germany;1994;17.11.1994;Li/PDS;Party of Democratic Socialism | The Left;791;0,004247;0,002563;0,006524;;
germany;1994;17.11.1994;SPD;Social Democratic Party of Germany;558;0,047778;0,032059;0,066981;B90/Gru;255
germany;1994;17.11.1994;SPD;Social Democratic Party of Germany;558;0,038054;0,024107;0,058295;CDU+CSU;1727
germany;1994;17.11.1994;SPD;Social Democratic Party of Germany;558;0,045382;0,02688;0,068343;FDP;543
germany;1994;17.11.1994;SPD;Social Democratic Party of Germany;558;0,096783;0,063738;0,139849;Li/PDS;791
germany;1994;17.11.1994;SPD;Social Democratic Party of Germany;558;0,098938;0,065195;0,143004;;
germany;1998;27.10.1998;B90/Gru;Alliance 90 / Greens -- Citizens' Movement;255;0,38991;0,323198;0,459125;CDU+CSU;1727
germany;1998;27.10.1998;B90/Gru;Alliance 90 / Greens -- Citizens' Movement;255;0,390003;0,325501;0,458409;FDP;543
germany;1998;27.10.1998;B90/Gru;Alliance 90 / Greens -- Citizens' Movement;255;0,460613;0,39064;0,528978;Li/PDS;791
germany;1998;27.10.1998;B90/Gru;Alliance 90 / Greens -- Citizens' Movement;255;0,028768;0,019383;0,041655;SPD;558
germany;1998;27.10.1998;B90/Gru;Alliance 90 / Greens -- Citizens' Movement;255;0,472941;0,40315;0,544028;;
germany;1998;27.10.1998;CDU+CSU;Christian Democratic Union | Christian Social Union;1727;0,234307;0,183513;0,291786;B90/Gru;255
germany;1998;27.10.1998;CDU+CSU;Christian Democratic Union | Christian Social Union;1727;0,179158;0,142303;0,220632;FDP;543
germany;1998;27.10.1998;CDU+CSU;Christian Democratic Union | Christian Social Union;1727;0,312552;0,252306;0,378846;Li/PDS;791
germany;1998;27.10.1998;CDU+CSU;Christian Democratic Union | Christian Social Union;1727;0,093035;0,056856;0,141583;SPD;558
germany;1998;27.10.1998;CDU+CSU;Christian Democratic Union | Christian Social Union;1727;0,317339;0,255388;0,383868;;
germany;1998;27.10.1998;FDP;Free Democratic Party;543;0,23403;0,176951;0,296475;B90/Gru;255
germany;1998;27.10.1998;FDP;Free Democratic Party;543;0,178786;0,138447;0,224674;CDU+CSU;1727
germany;1998;27.10.1998;FDP;Free Democratic Party;543;0,312177;0,249867;0,380539;Li/PDS;791
germany;1998;27.10.1998;FDP;Free Democratic Party;543;0,091397;0,054689;0,139525;SPD;558
germany;1998;27.10.1998;FDP;Free Democratic Party;543;0,316967;0,253751;0,386193;;
germany;1998;27.10.1998;Li/PDS;Party of Democratic Socialism | The Left;791;0,005522;0,003499;0,008343;B90/Gru;255
germany;1998;27.10.1998;Li/PDS;Party of Democratic Socialism | The Left;791;0,013064;0,008665;0,019384;CDU+CSU;1727
germany;1998;27.10.1998;Li/PDS;Party of Democratic Socialism | The Left;791;0,01306;0,008947;0,018964;FDP;543
germany;1998;27.10.1998;Li/PDS;Party of Democratic Socialism | The Left;791;0,002327;0,001332;0,003694;SPD;558
germany;1998;27.10.1998;Li/PDS;Party of Democratic Socialism | The Left;791;0,01785;0,012127;0,025541;;
germany;1998;27.10.1998;SPD;Social Democratic Party of Germany;558;0,450806;0,390121;0,516335;B90/Gru;255
germany;1998;27.10.1998;SPD;Social Democratic Party of Germany;558;0,670676;0,603573;0,733202;CDU+CSU;1727
germany;1998;27.10.1998;SPD;Social Democratic Party of Germany;558;0,669409;0,596846;0,732031;FDP;543
germany;1998;27.10.1998;SPD;Social Democratic Party of Germany;558;0,879456;0,827737;0,919821;Li/PDS;791
germany;1998;27.10.1998;SPD;Social Democratic Party of Germany;558;0,894979;0,842276;0,93428;;
germany;2002;22.10.2002;B90/Gru;Alliance 90 / Greens -- Citizens' Movement;255;0,917082;0,88096;0,945086;CDU+CSU;1727
germany;2002;22.10.2002;B90/Gru;Alliance 90 / Greens -- Citizens' Movement;255;0,921484;0,887027;0,948487;FDP;543
germany;2002;22.10.2002;B90/Gru;Alliance 90 / Greens -- Citizens' Movement;255;0,93281;0,901285;0,956809;Li/PDS;791
germany;2002;22.10.2002;B90/Gru;Alliance 90 / Greens -- Citizens' Movement;255;0,007989;0,004691;0,012769;SPD;558
germany;2002;22.10.2002;B90/Gru;Alliance 90 / Greens -- Citizens' Movement;255;0,935165;0,903403;0,958676;;
germany;2002;22.10.2002;CDU+CSU;Christian Democratic Union | Christian Social Union;1727;0,031596;0,020145;0,047166;B90/Gru;255
germany;2002;22.10.2002;CDU+CSU;Christian Democratic Union | Christian Social Union;1727;0,037788;0,024964;0,054183;FDP;543
germany;2002;22.10.2002;CDU+CSU;Christian Democratic Union | Christian Social Union;1727;0,048716;0,032212;0,070307;Li/PDS;791
germany;2002;22.10.2002;CDU+CSU;Christian Democratic Union | Christian Social Union;1727;0,007829;0,00454;0,012784;SPD;558
germany;2002;22.10.2002;CDU+CSU;Christian Democratic Union | Christian Social Union;1727;0,049678;0,032904;0,071752;;
germany;2002;22.10.2002;FDP;Free Democratic Party;543;0,010024;0,005676;0,016224;B90/Gru;255
germany;2002;22.10.2002;FDP;Free Democratic Party;543;0,011814;0,007483;0,017983;CDU+CSU;1727
germany;2002;22.10.2002;FDP;Free Democratic Party;543;0,022981;0,014642;0,034786;Li/PDS;791
germany;2002;22.10.2002;FDP;Free Democratic Party;543;0,003137;0,001568;0,005438;SPD;558
germany;2002;22.10.2002;FDP;Free Democratic Party;543;0,023705;0,015073;0,035889;;
germany;2002;22.10.2002;Li/PDS;Party of Democratic Socialism | The Left;791;0,000865;0,000465;0,001517;B90/Gru;255
germany;2002;22.10.2002;Li/PDS;Party of Democratic Socialism | The Left;791;0,002257;0,001387;0,003563;CDU+CSU;1727
germany;2002;22.10.2002;Li/PDS;Party of Democratic Socialism | The Left;791;0,002495;0,001549;0,003909;FDP;543
germany;2002;22.10.2002;Li/PDS;Party of Democratic Socialism | The Left;791;0,000503;0,000261;0,00088;SPD;558
germany;2002;22.10.2002;Li/PDS;Party of Democratic Socialism | The Left;791;0,003219;0,001984;0,005035;;
germany;2002;22.10.2002;SPD;Social Democratic Party of Germany;558;0,062746;0,040284;0,092992;B90/Gru;255
germany;2002;22.10.2002;SPD;Social Democratic Party of Germany;558;0,948073;0,925264;0,965542;CDU+CSU;1727
germany;2002;22.10.2002;SPD;Social Democratic Party of Germany;558;0,969354;0,955363;0,980208;FDP;543
germany;2002;22.10.2002;SPD;Social Democratic Party of Germany;558;0,987206;0,980746;0,992047;Li/PDS;791
germany;2002;22.10.2002;SPD;Social Democratic Party of Germany;558;0,989922;0,984005;0,994108;;
germany;2005;22.11.2005;B90/Gru;Alliance 90 / Greens -- Citizens' Movement;255;0,324916;0,252652;0,403821;CDU+CSU;1727
germany;2005;22.11.2005;B90/Gru;Alliance 90 / Greens -- Citizens' Movement;255;0,253383;0,186986;0,335545;FDP;543
germany;2005;22.11.2005;B90/Gru;Alliance 90 / Greens -- Citizens' Movement;255;0,42193;0,361696;0,485763;Li/PDS;791
germany;2005;22.11.2005;B90/Gru;Alliance 90 / Greens -- Citizens' Movement;255;0,057597;0,039107;0,082058;SPD;558
germany;2005;22.11.2005;B90/Gru;Alliance 90 / Greens -- Citizens' Movement;255;0,434323;0,372511;0,498327;;
germany;2005;22.11.2005;CDU+CSU;Christian Democratic Union | Christian Social Union;1727;0,495427;0,421966;0,561846;B90/Gru;255
germany;2005;22.11.2005;CDU+CSU;Christian Democratic Union | Christian Social Union;1727;0,36271;0,29053;0,438453;FDP;543
germany;2005;22.11.2005;CDU+CSU;Christian Democratic Union | Christian Social Union;1727;0,591753;0,506699;0,66996;Li/PDS;791
germany;2005;22.11.2005;CDU+CSU;Christian Democratic Union | Christian Social Union;1727;0,210737;0,153216;0,286723;SPD;558
germany;2005;22.11.2005;CDU+CSU;Christian Democratic Union | Christian Social Union;1727;0,604834;0,515208;0,685233;;
germany;2005;22.11.2005;FDP;Free Democratic Party;543;0,219007;0,163446;0,279287;B90/Gru;255
germany;2005;22.11.2005;FDP;Free Democratic Party;543;0,157823;0,116353;0,208275;CDU+CSU;1727
germany;2005;22.11.2005;FDP;Free Democratic Party;543;0,380908;0,303527;0,462747;Li/PDS;791
germany;2005;22.11.2005;FDP;Free Democratic Party;543;0,096056;0,062642;0,137376;SPD;558
germany;2005;22.11.2005;FDP;Free Democratic Party;543;0,399947;0,319359;0,48496;;
germany;2005;22.11.2005;Li/PDS;Party of Democratic Socialism | The Left;791;0,020351;0,013702;0,030024;B90/Gru;255
germany;2005;22.11.2005;Li/PDS;Party of Democratic Socialism | The Left;791;0,019662;0,012231;0,030259;CDU+CSU;1727
germany;2005;22.11.2005;Li/PDS;Party of Democratic Socialism | The Left;791;0,013705;0,008749;0,020944;FDP;543
germany;2005;22.11.2005;Li/PDS;Party of Democratic Socialism | The Left;791;0,008387;0,004856;0,013292;SPD;558
germany;2005;22.11.2005;Li/PDS;Party of Democratic Socialism | The Left;791;0,032744;0,021689;0,048722;;
germany;2005;22.11.2005;SPD;Social Democratic Party of Germany;558;0,393859;0,332816;0,455376;B90/Gru;255
germany;2005;22.11.2005;SPD;Social Democratic Party of Germany;558;0,376488;0,297283;0,464477;CDU+CSU;1727
germany;2005;22.11.2005;SPD;Social Democratic Party of Germany;558;0,466694;0,384549;0,551162;FDP;543
germany;2005;22.11.2005;SPD;Social Democratic Party of Germany;558;0,746229;0,668288;0,806906;Li/PDS;791
germany;2005;22.11.2005;SPD;Social Democratic Party of Germany;558;0,770586;0,690465;0,830531;;
germany;2009;28.10.2009;B90/Gru;Alliance 90 / Greens -- Citizens' Movement;255;0,014299;0,008461;0,022302;CDU+CSU;1727
germany;2009;28.10.2009;B90/Gru;Alliance 90 / Greens -- Citizens' Movement;255;0,010975;0,00782;0,014811;FDP;543
germany;2009;28.10.2009;B90/Gru;Alliance 90 / Greens -- Citizens' Movement;255;0,04627;0,031847;0,063273;Li/PDS;791
germany;2009;28.10.2009;B90/Gru;Alliance 90 / Greens -- Citizens' Movement;255;0,021045;0,013225;0,030882;SPD;558
germany;2009;28.10.2009;B90/Gru;Alliance 90 / Greens -- Citizens' Movement;255;0,048754;0,033559;0,06618;;
germany;2009;28.10.2009;CDU+CSU;Christian Democratic Union | Christian Social Union;1727;0,921933;0,887679;0,948505;B90/Gru;255
germany;2009;28.10.2009;CDU+CSU;Christian Democratic Union | Christian Social Union;1727;0,661047;0,549174;0,77096;FDP;543
germany;2009;28.10.2009;CDU+CSU;Christian Democratic Union | Christian Social Union;1727;0,951389;0,924411;0,971209;Li/PDS;791
germany;2009;28.10.2009;CDU+CSU;Christian Democratic Union | Christian Social Union;1727;0,28324;0,199254;0,372235;SPD;558
germany;2009;28.10.2009;CDU+CSU;Christian Democratic Union | Christian Social Union;1727;0,956388;0,930172;0,975788;;
germany;2009;28.10.2009;FDP;Free Democratic Party;543;0,293862;0,196245;0,395218;B90/Gru;255
germany;2009;28.10.2009;FDP;Free Democratic Party;543;0,0363;0,018779;0,060633;CDU+CSU;1727
germany;2009;28.10.2009;FDP;Free Democratic Party;543;0,323801;0,218773;0,432165;Li/PDS;791
germany;2009;28.10.2009;FDP;Free Democratic Party;543;0,243124;0,159478;0,338332;SPD;558
germany;2009;28.10.2009;FDP;Free Democratic Party;543;0,331641;0,22288;0,442254;;
germany;2009;28.10.2009;Li/PDS;Party of Democratic Socialism | The Left;791;0,008106;0,005063;0,012742;B90/Gru;255
germany;2009;28.10.2009;Li/PDS;Party of Democratic Socialism | The Left;791;0,005591;0,003161;0,009065;CDU+CSU;1727
germany;2009;28.10.2009;Li/PDS;Party of Democratic Socialism | The Left;791;0,00275;0,001691;0,004236;FDP;543
germany;2009;28.10.2009;Li/PDS;Party of Democratic Socialism | The Left;791;0,004105;0,002446;0,006613;SPD;558
germany;2009;28.10.2009;Li/PDS;Party of Democratic Socialism | The Left;791;0,01059;0,006567;0,01673;;
germany;2009;28.10.2009;SPD;Social Democratic Party of Germany;558;0,675675;0,577243;0,768835;B90/Gru;255
germany;2009;28.10.2009;SPD;Social Democratic Party of Germany;558;0,030236;0,017228;0,046351;CDU+CSU;1727
germany;2009;28.10.2009;SPD;Social Democratic Party of Germany;558;0,614867;0,502625;0,728079;FDP;543
germany;2009;28.10.2009;SPD;Social Democratic Party of Germany;558;0,696899;0,59933;0,788498;Li/PDS;791
germany;2009;28.10.2009;SPD;Social Democratic Party of Germany;558;0,703384;0,606207;0,792822;;
germany;2013;17.12.2013;B90/Gru;Alliance 90 / Greens -- Citizens' Movement;255;0,016735;0,009789;0,026062;CDU+CSU;1727
germany;2013;17.12.2013;B90/Gru;Alliance 90 / Greens -- Citizens' Movement;255;0,032758;0,02064;0,047926;Li/PDS;791
germany;2013;17.12.2013;B90/Gru;Alliance 90 / Greens -- Citizens' Movement;255;0,016061;0,009657;0,024194;SPD;558
germany;2013;17.12.2013;B90/Gru;Alliance 90 / Greens -- Citizens' Movement;255;0,041887;0,026584;0,062008;;
germany;2013;17.12.2013;CDU+CSU;Christian Democratic Union | Christian Social Union;1727;0,950121;0,926989;0,968238;B90/Gru;255
germany;2013;17.12.2013;CDU+CSU;Christian Democratic Union | Christian Social Union;1727;0,968774;0,951013;0,98177;Li/PDS;791
germany;2013;17.12.2013;CDU+CSU;Christian Democratic Union | Christian Social Union;1727;0,862706;0,794247;0,917388;SPD;558
germany;2013;17.12.2013;CDU+CSU;Christian Democratic Union | Christian Social Union;1727;0,975272;0,960719;0,985744;;
germany;2013;17.12.2013;Li/PDS;Party of Democratic Socialism | The Left;791;0,008111;0,004514;0,013668;B90/Gru;255
germany;2013;17.12.2013;Li/PDS;Party of Democratic Socialism | The Left;791;0,010741;0,005727;0,018416;CDU+CSU;1727
germany;2013;17.12.2013;Li/PDS;Party of Democratic Socialism | The Left;791;0,005263;0,002898;0,008873;SPD;558
germany;2013;17.12.2013;Li/PDS;Party of Democratic Socialism | The Left;791;0,017239;0,009419;0,028501;;
germany;2013;17.12.2013;SPD;Social Democratic Party of Germany;558;0,108596;0,063521;0,163986;B90/Gru;255
germany;2013;17.12.2013;SPD;Social Democratic Party of Germany;558;0,021856;0,01231;0,034442;CDU+CSU;1727
germany;2013;17.12.2013;SPD;Social Democratic Party of Germany;558;0,122445;0,072729;0,183945;Li/PDS;791
germany;2013;17.12.2013;SPD;Social Democratic Party of Germany;558;0,134421;0,081085;0,202816;;
germany;2018;14.03.2018;AfD;Alternative for Germany;2253;0,016418;0,009489;0,027462;B90/Gru;255
germany;2018;14.03.2018;AfD;Alternative for Germany;2253;0,003578;0,001859;0,00646;CDU+CSU;1727
germany;2018;14.03.2018;AfD;Alternative for Germany;2253;0,00709;0,004237;0,011503;FDP;543
germany;2018;14.03.2018;AfD;Alternative for Germany;2253;0,01805;0,010504;0,029946;Li/PDS;791
germany;2018;14.03.2018;AfD;Alternative for Germany;2253;0,013666;0,007702;0,023435;SPD;558
germany;2018;14.03.2018;AfD;Alternative for Germany;2253;0,020571;0,012085;0,033502;;
germany;2018;14.03.2018;B90/Gru;Alliance 90 / Greens -- Citizens' Movement;255;0,046466;0,030603;0,067007;AfD;2253
germany;2018;14.03.2018;B90/Gru;Alliance 90 / Greens -- Citizens' Movement;255;0,012982;0,007706;0,020228;CDU+CSU;1727
germany;2018;14.03.2018;B90/Gru;Alliance 90 / Greens -- Citizens' Movement;255;0,01736;0,0123;0,023613;FDP;543
germany;2018;14.03.2018;B90/Gru;Alliance 90 / Greens -- Citizens' Movement;255;0,046436;0,030874;0,066679;Li/PDS;791
germany;2018;14.03.2018;B90/Gru;Alliance 90 / Greens -- Citizens' Movement;255;0,026604;0,01595;0,040823;SPD;558
germany;2018;14.03.2018;B90/Gru;Alliance 90 / Greens -- Citizens' Movement;255;0,05062;0,033584;0,072355;;
germany;2018;14.03.2018;CDU+CSU;Christian Democratic Union | Christian Social Union;1727;0,951761;0,924581;0,971279;AfD;2253
germany;2018;14.03.2018;CDU+CSU;Christian Democratic Union | Christian Social Union;1727;0,931116;0,898543;0,955887;B90/Gru;255
germany;2018;14.03.2018;CDU+CSU;Christian Democratic Union | Christian Social Union;1727;0,890888;0,839945;0,932147;FDP;543
germany;2018;14.03.2018;CDU+CSU;Christian Democratic Union | Christian Social Union;1727;0,96225;0,939881;0,978022;Li/PDS;791
germany;2018;14.03.2018;CDU+CSU;Christian Democratic Union | Christian Social Union;1727;0,114658;0,074901;0,166286;SPD;558
germany;2018;14.03.2018;CDU+CSU;Christian Democratic Union | Christian Social Union;1727;0,968753;0,948301;0,982832;;
germany;2018;14.03.2018;FDP;Free Democratic Party;543;0,084333;0,051513;0,127534;AfD;2253
germany;2018;14.03.2018;FDP;Free Democratic Party;543;0,064554;0,038658;0,096275;B90/Gru;255
germany;2018;14.03.2018;FDP;Free Democratic Party;543;0,019949;0,010083;0,034828;CDU+CSU;1727
germany;2018;14.03.2018;FDP;Free Democratic Party;543;0,092125;0,056578;0,136839;Li/PDS;791
germany;2018;14.03.2018;FDP;Free Democratic Party;543;0,048839;0,028054;0,077212;SPD;558
germany;2018;14.03.2018;FDP;Free Democratic Party;543;0,097814;0,060001;0,145609;;
germany;2018;14.03.2018;Li/PDS;Party of Democratic Socialism | The Left;791;0,007497;0,004393;0,011966;AfD;2253
germany;2018;14.03.2018;Li/PDS;Party of Democratic Socialism | The Left;791;0,005834;0,003437;0,009567;B90/Gru;255
germany;2018;14.03.2018;Li/PDS;Party of Democratic Socialism | The Left;791;0,003515;0,001916;0,005758;CDU+CSU;1727
germany;2018;14.03.2018;Li/PDS;Party of Democratic Socialism | The Left;791;0,004329;0,002676;0,006714;FDP;543
germany;2018;14.03.2018;Li/PDS;Party of Democratic Socialism | The Left;791;0,004983;0,002811;0,008358;SPD;558
germany;2018;14.03.2018;Li/PDS;Party of Democratic Socialism | The Left;791;0,010018;0,005961;0,015989;;
germany;2018;14.03.2018;SPD;Social Democratic Party of Germany;558;0,868561;0,807126;0,914307;AfD;2253
germany;2018;14.03.2018;SPD;Social Democratic Party of Germany;558;0,85145;0,786264;0,900581;B90/Gru;255
germany;2018;14.03.2018;SPD;Social Democratic Party of Germany;558;0,021371;0,012167;0,034026;CDU+CSU;1727
germany;2018;14.03.2018;SPD;Social Democratic Party of Germany;558;0,826491;0,75511;0,885008;FDP;543
germany;2018;14.03.2018;SPD;Social Democratic Party of Germany;558;0,870431;0,809443;0,916;Li/PDS;791
germany;2018;14.03.2018;SPD;Social Democratic Party of Germany;558;0,875466;0,816715;0,920009;;
